objectID,department,title,artistDisplayName,inferred_gender,century,medium_category,img_width,img_height,aspect_ratio,score_set_1_masterpiece,score_set_2_quality,score_set_3_influence,score_set_4_neutral_control,mean_value_score
322361,Ancient West Asian Art,Drachm,,unknown,2th c. CE,other,600,600,1.0,-0.0009680278017185628,0.00461962353438139,-0.2839198112487793,0.004061477724462748,-0.06905168444791343
322612,Ancient West Asian Art,Relief fragment: Assyrian soldier conducting captives across the water,,unknown,7th c. BCE,other,574,625,0.92,-0.017787588760256767,0.15078237652778625,-0.15115715563297272,0.1420765519142151,0.030978546012192965
322362,Ancient West Asian Art,Tetradrachm,,unknown,3th c. CE,other,600,600,1.0,-0.0030716562177985907,0.019928157329559326,-0.11187535524368286,0.019412323832511902,-0.018901632574852556
322620,Ancient West Asian Art,Assyrian Crown-Prince,,unknown,8th c. BCE,other,410,624,0.66,-0.01863297075033188,0.1852887123823166,-0.14631371200084686,0.16645599901676178,0.04669950716197491
325979,Ancient West Asian Art,Drachm,,unknown,2th c. BCE,other,600,600,1.0,-0.005528412293642759,0.0053985570557415485,-0.1428055316209793,-0.0027160453610122204,-0.036412858054973185
701203,The American Wing,Sampler,Ann Magdalen Yates,female,18th c. CE,other,599,527,1.14,-0.004003479611128569,0.023644331842660904,-0.5186563730239868,0.02555857226252556,-0.11836423713248223
324923,Ancient West Asian Art,Chair back carved in relief,,unknown,8th c. BCE,other,598,380,1.57,-0.05404491722583771,0.2225581258535385,-0.0982474833726883,0.17902791500091553,0.06232341006398201
323955,Ancient West Asian Art,Jar with ibexes,,unknown,26th c. BCE,other,500,625,0.8,-0.0018437380203977227,0.03176736831665039,-0.5181074738502502,0.031370073556900024,-0.11420344249927439
325978,Ancient West Asian Art,Drachm,,unknown,2th c. BCE,other,600,600,1.0,-0.005218212492763996,0.008474853821098804,-0.09240716695785522,0.004780509974807501,-0.02109250391367823
325567,Ancient West Asian Art,Furniture plaque carved in relief with a female figure,,unknown,9th c. BCE,other,479,624,0.77,-0.007162188179790974,0.06488052010536194,-0.42514240741729736,0.05738624557852745,-0.07750945747829974
327315,Ancient West Asian Art,Miniature vessel,,unknown,16th c. BCE,other,571,625,0.91,-6.226319965207949e-05,0.0003968756354879588,-0.752320408821106,0.00027121181483380497,-0.18792864614260907
326387,Ancient West Asian Art,Bulla,,unknown,6th c. BCE,other,599,449,1.33,-0.0021569535601884127,0.005447325296700001,-0.08950341492891312,0.004928747657686472,-0.020321073883678764
322143,Ancient West Asian Art,Relief fragment,,unknown,10th c. BCE,other,468,624,0.75,-0.003926210571080446,0.021766401827335358,-0.22321806848049164,0.018858375027775764,-0.04662987554911524
328096,Ancient West Asian Art,Drachm,,unknown,1th c. CE,other,600,449,1.34,-0.00198057247325778,0.013671919703483582,-0.11966387927532196,0.01277855969965458,-0.023798493086360395
324331,Ancient West Asian Art,Furniture or cosmetic box plaque carved in the round with striding bull,,unknown,8th c. BCE,painting,599,471,1.27,-0.0016681511187925935,0.014875207096338272,-0.5311002731323242,0.013735187239944935,-0.1260395074787084
325082,Ancient West Asian Art,Horse blinker carved in relief with a wedjat eye,,unknown,8th c. BCE,other,599,513,1.17,-0.001698492094874382,0.03966352343559265,-0.49695029854774475,0.03788091987371445,-0.10527608683332801
322360,Ancient West Asian Art,Drachm,,unknown,2th c. CE,other,600,600,1.0,-0.0038052548188716173,0.0029407066758722067,-0.697772741317749,-0.0018619887996464968,-0.17512481956509873
324203,Ancient West Asian Art,Reclining calf: lid attachment,,unknown,9th c. BCE,other,600,516,1.16,-0.0022435153368860483,0.031625520437955856,-0.5058518052101135,0.02921852096915245,-0.11181281978497282
322355,Ancient West Asian Art,Drachm,,unknown,1th c. BCE,other,600,600,1.0,-0.0026504769921302795,0.008661815896630287,-0.17798013985157013,0.0058761946856975555,-0.04152315156534314
764095,The American Wing,"Christ Carrying the Cross, called ""The Lord of the Fall""",Unknown,unknown,18th c. CE,painting,470,624,0.75,-0.002808098215609789,0.027190694585442543,-0.5739521980285645,0.017110588029026985,-0.13311475340742618
324199,Ancient West Asian Art,Fan or fly-whisk handle in the form of four female figures,,unknown,8th c. BCE,other,599,620,0.97,-0.001498204655945301,0.061877425760030746,-0.2851712703704834,0.060418080538511276,-0.04109349218197167
322354,Ancient West Asian Art,Drachm,,unknown,1th c. BCE,other,600,600,1.0,-0.010682583786547184,0.029327334836125374,-0.5817422866821289,0.011196332052350044,-0.13797530089505017
325572,Ancient West Asian Art,Ivory fragment,,unknown,9th c. BCE,other,600,571,1.05,-0.01150017511099577,0.09914509207010269,-0.35312503576278687,0.09614423662424088,-0.04233397054485977
327376,Ancient West Asian Art,Sherd,,unknown,56th c. BCE,other,521,624,0.83,-0.0012024887837469578,0.0073511009104549885,-0.4628866910934448,0.007644918281584978,-0.11227329017128795
327685,Ancient West Asian Art,Cylinder seal and modern impression: winged horse with claws and horns,,unknown,14th c. BCE,other,599,449,1.33,-0.027175752446055412,0.047331683337688446,-0.620148777961731,0.040918152779340744,-0.1397686735726893
324383,Ancient West Asian Art,Plaque fragment,,unknown,8th c. BCE,other,575,624,0.92,-0.0029767577070742846,0.026342246681451797,-0.5157932639122009,0.02380482293665409,-0.11715573800029233
322356,Ancient West Asian Art,Tetradrachm,,unknown,1th c. CE,other,600,600,1.0,-0.027925565838813782,0.0420200377702713,-0.0615408830344677,0.023364245891571045,-0.006020541302859783
853449,The American Wing,Portrait of Sor Juana de Nuestra Señora de Guadalupe,Domingo Ortiz,male,18th c. CE,painting,510,624,0.82,-2.2290507331490517e-05,-0.007956787012517452,-0.011029635556042194,-0.008525475859642029,-0.0068835472338832915
4895,The American Wing,Vase,M. Louise McLaughlin,female,20th c. CE,other,468,624,0.75,-0.0008581778965890408,0.0026197824627161026,-0.8852537870407104,0.0031841835007071495,-0.22007699974346906
324751,Ancient West Asian Art,Border strip,,unknown,9th c. BCE,other,599,484,1.24,-0.00163934170268476,0.009183451533317566,-0.5804362893104553,0.008179130032658577,-0.14117826236179098
322973,Ancient West Asian Art,Plate with king hunting rams,,unknown,5th c. CE,other,599,589,1.02,-0.003278251038864255,0.033613670617341995,-0.6606926321983337,0.03112415410578251,-0.14980826462851837
322357,Ancient West Asian Art,Drachm,,unknown,1th c. CE,other,600,600,1.0,-0.0011990407947450876,0.005917811766266823,-0.5013419389724731,0.005241728387773037,-0.1228453599032946
324747,Ancient West Asian Art,Plaque fragment,,unknown,8th c. BCE,other,599,487,1.23,-0.0006265430711209774,0.006928423885256052,-0.7876515984535217,0.0065477085299789906,-0.19370050227735192
323943,Ancient West Asian Art,Jug in the form of a recumbent bull,,unknown,7th c. BCE,other,600,410,1.46,-0.002133213449269533,0.012336157262325287,-0.6537833213806152,0.011497564613819122,-0.1580207032384351
328186,Ancient West Asian Art,Plate with reclining zebu,,unknown,23th c. BCE,other,544,624,0.87,-0.0012785193976014853,0.025297993794083595,-0.37985312938690186,0.02445683628320694,-0.0828442046768032
324745,Ancient West Asian Art,Border strip,,unknown,9th c. BCE,other,600,510,1.18,-0.0005640376475639641,0.0050075119361281395,-0.6139183044433594,0.004599928390234709,-0.15121872544114012
326455,Ancient West Asian Art,Bulla,,unknown,2th c. BCE,other,599,455,1.32,-0.0035921395756304264,0.0158230047672987,-0.11115923523902893,0.014845541678369045,-0.021020707092247903
324749,Ancient West Asian Art,Border strip,,unknown,9th c. BCE,other,600,472,1.27,-0.0016348421340808272,0.015053332783281803,-0.4142315089702606,0.014039013534784317,-0.09669350119656883
324139,Ancient West Asian Art,Jar with paired birds in panels,,unknown,16th c. BCE,other,594,625,0.95,-0.0004266240284778178,0.005037073511630297,-0.4829515516757965,0.004493887070566416,-0.1184618037805194
326457,Ancient West Asian Art,Bulla,,unknown,2th c. BCE,other,599,449,1.33,-0.0014762398786842823,0.008152278140187263,-0.1018790751695633,0.006721394136548042,-0.022120410692878067
325566,Ancient West Asian Art,"Furniture plaque carved in relief with a striding, ram-headed sphinx supported by two kneeling figures",,unknown,9th c. BCE,other,532,624,0.85,-0.012580846436321735,0.15077988803386688,-0.4633874297142029,0.14426755905151367,-0.045230207266286016
329081,Ancient West Asian Art,"Proto-Cuneiform tablet with seal impressions: administrative account of barley distribution with cylinder seal impression of a male figure, hunting dogs, and boars",,unknown,31th c. BCE,other,468,624,0.75,-0.0028885952197015285,0.082739919424057,-0.149626687169075,0.07919978350400925,0.0023561051348224282
325869,Ancient West Asian Art,"Furniture plaque carved in relief with two addorsed, ram-headed sphinxes",,unknown,9th c. BCE,other,600,348,1.72,-0.003879296127706766,0.05770494043827057,-0.6827595233917236,0.05463644862174988,-0.1435743576148525
327830,Ancient West Asian Art,Panel with the god Zeus/Serapis/Ohrmazd and worshiper,,unknown,2th c. CE,sculpture,595,624,0.95,-0.010663248598575592,0.10833258181810379,-0.13724209368228912,0.10623352229595184,0.01666519045829773
325584,Ancient West Asian Art,Helmet with divine figures beneath a bird with outstretched wings,,unknown,15th c. BCE,painting,599,558,1.07,-0.0008012416656129062,0.015413281507790089,-0.6191502213478088,0.014957123436033726,-0.14739526451739948
324599,Ancient West Asian Art,Incised furniture plaque with two ibexes flanking a stylized palmette tree,,unknown,9th c. BCE,other,600,402,1.49,-0.00183758488856256,0.014165323227643967,-0.40873709321022034,0.01285289041697979,-0.09588911611353979
324291,Ancient West Asian Art,Vessel terminating in the forepart of a fantastic leonine creature,,unknown,5th c. BCE,other,600,450,1.33,-0.00033208326203748584,0.010148415341973305,-0.7409155368804932,0.00946755614131689,-0.1804079121648101
325571,Ancient West Asian Art,Openwork furniture plaque with the head of a feline,,unknown,9th c. BCE,other,599,543,1.1,-0.0012369855539873242,0.048043206334114075,-0.6930264830589294,0.04677065089344978,-0.14986240284633823
326893,Ancient West Asian Art,Openwork stamp seal: figure holding snakes,,unknown,23th c. BCE,other,491,625,0.79,-0.0007900712080299854,0.001469694427214563,-0.7325459122657776,-0.00013520068023353815,-0.18300037243170664
323525,Ancient West Asian Art,Furniture plaque: hawk,,unknown,18th c. BCE,other,599,375,1.6,-0.0012799706310033798,0.1348169445991516,-0.45861321687698364,0.13183549046516418,-0.04831018811091781
325838,Ancient West Asian Art,Bowl,,unknown,4th c. BCE,other,545,625,0.87,-0.0005875939386896789,0.001233785878866911,-0.5685752034187317,-0.00043766095768660307,-0.14209166810906027
327799,Ancient West Asian Art,Stamp seal,,unknown,17th c. BCE,other,600,473,1.27,-0.0015243131201714277,0.027508998289704323,-0.3572556674480438,0.026223955675959587,-0.07626175665063784
323588,Ancient West Asian Art,Furniture plaque: wing of a hawk,,unknown,18th c. BCE,other,599,375,1.6,-0.0012799706310033798,0.1348169445991516,-0.45861321687698364,0.13183549046516418,-0.04831018811091781
12791,The American Wing,Gabriel Manigault,Jeremiah Theus,male,18th c. CE,painting,518,625,0.83,-0.0024900848511606455,-0.04531307891011238,-0.005383319221436977,-0.0005340487696230412,-0.013430132938083261
326456,Ancient West Asian Art,Bulla,,unknown,2th c. BCE,other,599,449,1.33,-0.002293899655342102,0.015589513815939426,-0.11082141101360321,0.014088957570493221,-0.020859209820628166
323523,Ancient West Asian Art,Furniture plaque: deer,,unknown,18th c. BCE,other,600,485,1.24,-0.0005095571978017688,0.042486049234867096,-0.6012004017829895,0.04162736237049103,-0.1293991368438583
891628,Ancient West Asian Art,Dish: The Walls and Hanging Gardens of Babylon,,unknown,19th c. CE,other,599,449,1.33,-0.0019437531009316444,0.08048248291015625,-0.5320912003517151,0.07811741530895233,-0.09385876380838454
322272,Ancient West Asian Art,Stamp seal with a knob handle: bird of prey with two horned animals caught in its talons,,unknown,18th c. BCE,other,600,473,1.27,-0.0011118300026282668,0.011892545968294144,-0.3377409279346466,0.010420679114758968,-0.07913488321355544
323587,Ancient West Asian Art,Furniture plaque: hawk,,unknown,18th c. BCE,other,599,375,1.6,-0.0012799706310033798,0.1348169445991516,-0.45861321687698364,0.13183549046516418,-0.04831018811091781
639782,The American Wing,War club,,unknown,18th c. CE,other,373,623,0.6,-0.00015747424913570285,0.0009178304462693632,-0.9292893409729004,0.0006598830223083496,-0.2319672754383646
12793,The American Wing,Mrs. Gabriel Manigault,Jeremiah Theus,male,18th c. CE,painting,520,624,0.83,-0.0006833839579485357,-0.015156825073063374,-0.007909362204372883,-0.0007404780481010675,-0.006122512320871465
322244,Ancient West Asian Art,Square plaque seal with stalk handle,,unknown,19th c. BCE,other,599,473,1.27,-0.005780169274657965,0.0282524935901165,-0.34012314677238464,0.024751652032136917,-0.0732247926061973
323571,Ancient West Asian Art,Furniture plaque: deer,,unknown,18th c. BCE,other,599,550,1.09,-0.007560368627309799,0.09759891033172607,-0.6055803894996643,0.09185351431369781,-0.10592208337038755
4832,The American Wing,Sugar bowl,Wood and Hughes,unknown,19th c. CE,other,486,624,0.78,-0.0010205790167674422,0.010286374017596245,-0.6603107452392578,0.009376662783324718,-0.16041707186377607
321904,Ancient West Asian Art,Corner fragment of inscribed prism (kudurru),,unknown,7th c. BCE,other,600,450,1.33,-0.00207152939401567,0.025873174890875816,-0.5178297758102417,0.024583149701356888,-0.11736124515300617
325717,Ancient West Asian Art,Head of a king,,unknown,3th c. CE,other,492,624,0.79,-0.0004266760661266744,0.005673742387443781,-0.6524354219436646,0.0049697477370500565,-0.16055465197132435
324045,Ancient West Asian Art,Cup decorated with ibexes,,unknown,45th c. BCE,other,500,625,0.8,-0.000961856625508517,0.007687564007937908,-0.764391303062439,0.007102704606950283,-0.18764072276826482
326158,Ancient West Asian Art,Tetradrachm of Alexander the Great,,unknown,4th c. BCE,sculpture,600,600,1.0,-0.01322825439274311,0.013638891279697418,-0.6683685183525085,0.015710905194282532,-0.16306174406781793
10771,The American Wing,Spring Landscape,Thomas Doughty,male,19th c. CE,painting,600,421,1.43,-0.0007430934929288924,-0.01280306838452816,0.000335337856085971,-0.002148674800992012,-0.0038398747055907734
324200,Ancient West Asian Art,Head of a female figure,,unknown,8th c. BCE,other,470,624,0.75,-0.000819407170638442,0.01572992093861103,-0.7230978608131409,0.014841676689684391,-0.17333641758887097
324110,Ancient West Asian Art,Levantine vessel with rampant goats and olive trees,,unknown,12th c. BCE,other,600,600,1.0,-0.003161065047606826,0.04294188320636749,-0.6035839319229126,0.042492449283599854,-0.13032766612013802
326157,Ancient West Asian Art,Tetradrachm of Alexander the Great,,unknown,4th c. BCE,other,599,428,1.4,-0.0034863727632910013,0.04609525576233864,-0.25586971640586853,0.044372037053108215,-0.04222219908842817
324933,Ancient West Asian Art,Female head,,unknown,8th c. BCE,other,491,625,0.79,-0.0028358749113976955,0.052012402564287186,-0.5931388735771179,0.05028075352311134,-0.12342039810027927
326395,Ancient West Asian Art,Tetradrachm of Alexander the Great,,unknown,4th c. BCE,other,600,498,1.2,-0.0019353878451511264,0.012389130890369415,-0.31468528509140015,0.009833866730332375,-0.07359941882896237
764091,The American Wing,Our Lady of Valvanera,Unknown,unknown,18th c. CE,painting,599,512,1.17,-0.006761080119758844,0.20733126997947693,-0.013418696820735931,0.2149498462677002,0.10052533482667059
323527,Ancient West Asian Art,Furniture support: female sphinx with Hathor-style curls,,unknown,18th c. BCE,painting,589,625,0.94,-0.00025632866891101,0.005911866202950478,-0.6346412301063538,0.0057970439083874226,-0.15579716216598172
14007,The American Wing,Water-lily textile,Associated Artists,unknown,19th c. CE,print,259,623,0.42,-0.010085348971188068,-0.008820759132504463,-0.22496773302555084,-0.04731062799692154,-0.07279611728154123
323478,Ancient West Asian Art,Drachm,,unknown,3th c. BCE,other,600,600,1.0,-0.005064709577709436,0.04204089567065239,-0.10650888085365295,0.04135672748088837,-0.007043991819955409
322891,Ancient West Asian Art,Furniture support: female sphinx with Hathor-style curls,,unknown,18th c. BCE,painting,532,625,0.85,-0.000479014590382576,0.00619202945381403,-0.5828072428703308,0.005782085470855236,-0.14282803563401103
323508,Ancient West Asian Art,Obol,,unknown,unknown,other,464,624,0.74,-0.008275728672742844,0.03135024383664131,-0.25914695858955383,0.023681849241256714,-0.05309764854609966
323520,Ancient West Asian Art,Furniture support: female sphinx with Hathor-style curls,,unknown,18th c. BCE,painting,577,624,0.92,-0.0010140803642570972,0.017765339463949203,-0.5972020626068115,0.017378509044647217,-0.14076807361561805
323512,Ancient West Asian Art,Obol,,unknown,1th c. BCE,other,600,600,1.0,-0.006623490247875452,0.01960938237607479,-0.4519101083278656,0.01383732259273529,-0.10627172340173274
323573,Ancient West Asian Art,Furniture plaque: incised waterbirds,,unknown,18th c. BCE,other,600,387,1.55,-0.0032516715582460165,0.019042564556002617,-0.4336371421813965,0.01661156490445137,-0.10030867106979713
323509,Ancient West Asian Art,Hemidrachm,,unknown,1th c. CE,other,600,600,1.0,-0.005405785981565714,0.03430788964033127,-0.6736605763435364,0.02768690511584282,-0.154267891892232
324579,Ancient West Asian Art,Top of standard with male figure and flanking ibexes attacked by dogs,,unknown,15th c. BCE,sculpture,468,624,0.75,-0.0012860591523349285,0.015209189616143703,-0.609637975692749,0.014240616001188755,-0.14536855730693787
325839,Ancient West Asian Art,Bowl,,unknown,4th c. BCE,other,534,625,0.85,-0.0007094460306689143,0.0012285420671105385,-0.6723911166191101,0.00039285566890612245,-0.1678697912284406
323511,Ancient West Asian Art,Obol,,unknown,1th c. BCE,other,600,600,1.0,-0.02794530615210533,0.04589443653821945,-0.4625922441482544,0.03131851926445961,-0.10333114862442017
13863,The American Wing,George Washington Quilt,,unknown,19th c. CE,print,552,625,0.88,-0.020056892186403275,0.015693461522459984,-0.12848082184791565,-0.056561268866062164,-0.047351380344480276
323479,Ancient West Asian Art,Drachm,,unknown,1th c. BCE,other,600,600,1.0,-0.006545216776430607,0.015487873926758766,-0.1287422627210617,0.010569723322987556,-0.027307470561936498
327483,Ancient West Asian Art,Votive plaque inscribed with Sabaean dedication,,unknown,3th c. BCE,other,468,624,0.75,-0.002738191746175289,0.028058972209692,-0.1186261922121048,0.02714349702000618,-0.016540478682145476
329077,Ancient West Asian Art,Head of a ruler,,unknown,23th c. BCE,other,521,625,0.83,-0.0035369270481169224,0.05055592581629753,-0.3609192371368408,0.04629136621952057,-0.06690221803728491
13756,The American Wing,Sampler,Mary Waine,female,18th c. CE,other,496,625,0.79,-0.010686071589589119,0.011371882632374763,-0.23487208783626556,-0.009266827255487442,-0.06086327601224184
323971,Ancient West Asian Art,Boss from a disc-headed pin,,unknown,8th c. BCE,sculpture,599,620,0.97,-0.0015200930647552013,0.019726058468222618,-0.56000155210495,0.018818194046616554,-0.1307443481637165
323972,Ancient West Asian Art,Plaque with horned animal,,unknown,8th c. BCE,sculpture,599,452,1.33,-0.0024724192917346954,0.012482959777116776,-0.20006516575813293,0.01183805987238884,-0.044554141350090504
320347,The Michael C. Rockefeller Wing,Feathered serpent head,Teotihuacan artist(s),unknown,1th c. CE,other,599,543,1.1,-0.0004381230100989342,0.013674159534275532,-0.7329913973808289,0.013341709040105343,-0.17660341295413673
324324,Ancient West Asian Art,Handle of a flywhisk or fan,,unknown,8th c. BCE,other,491,625,0.79,-8.397483179578558e-05,0.0011031483300030231,-0.8726677894592285,0.000982774537988007,-0.21766646035575832
10810,The American Wing,Arcadia,Thomas Eakins,male,19th c. CE,painting,599,510,1.17,-0.0011845789849758148,0.018316440284252167,0.0053650797344744205,0.012212587520480156,0.008677382138557732
328593,Ancient West Asian Art,Monstrous male figure,,unknown,23th c. BCE,other,600,610,0.98,-0.001184985158033669,0.018132679164409637,-0.3765430450439453,0.01789958029985428,-0.08542394268442877
309468,The Michael C. Rockefeller Wing,Jar with flying figure (the Oculate Being),Paracas artist(s),unknown,4th c. BCE,other,599,535,1.12,-0.001817389391362667,0.041527628898620605,-0.45156532526016235,0.041764043271541595,-0.0925227606203407
324321,Ancient West Asian Art,Incised cosmetic box fragments with a warrior and four women,,unknown,9th c. BCE,other,599,471,1.27,-0.004028820898383856,0.0612790547311306,-0.17207558453083038,0.059689294546842575,-0.013784014037810266
327438,Ancient West Asian Art,Winged deity,,unknown,14th c. BCE,sculpture,468,624,0.75,-0.004274876322597265,0.0749591663479805,-0.16990140080451965,0.07159701734781265,-0.006905023357830942
324138,Ancient West Asian Art,Bowl with radial design of ibex horns,,unknown,46th c. BCE,other,600,600,1.0,-0.00015785366122145206,0.003559974953532219,-0.8392602205276489,0.0035320832394063473,-0.20808150399898295
317802,The Michael C. Rockefeller Wing,Pestle Finial,,unknown,15th c. BCE,other,499,624,0.8,-0.0011761020869016647,0.006493473891168833,-0.7734680771827698,0.005799405742436647,-0.1905878249090165
14972,The American Wing,Decanter,"Bakewell, Page & Bakewell",unknown,19th c. CE,other,500,625,0.8,-0.0002900234248954803,0.0014352244324982166,-0.8320112228393555,0.0011574169620871544,-0.2074271512174164
13875,The American Wing,"Quilt, Presentation pattern",Mary Hergenroder Simon,female,19th c. CE,other,599,611,0.98,-0.0028246240690350533,0.020528525114059448,-0.7017822861671448,0.01545650139451027,-0.16715547093190253
325080,Ancient West Asian Art,Plaque with falcon-headed Re wearing crown of Upper and Lower Egypt,,unknown,8th c. BCE,other,558,624,0.89,-0.005425624083727598,0.0762253999710083,-0.3403177261352539,0.07268141210079193,-0.04920913453679532
325660,Ancient West Asian Art,Openwork plaque with a striding sphinx,,unknown,9th c. BCE,other,599,471,1.27,-0.0015273380558937788,0.02326241508126259,-0.6901990175247192,0.02072763256728649,-0.16193407698301598
307599,The Michael C. Rockefeller Wing,Eagle relief,Toltec artist(s),unknown,9th c. CE,other,599,540,1.11,-0.0018539353040978312,0.013592427596449852,-0.5779862403869629,0.012382577173411846,-0.13846629273029976
13607,The American Wing,Embroidered coverlet,Mary Breed,female,18th c. CE,other,599,560,1.07,-0.0027006089221686125,0.019309066236019135,-0.7299271821975708,0.014850695617496967,-0.17461700731655583
325079,Ancient West Asian Art,Incised furniture plaque with two figures in two registers,,unknown,9th c. BCE,other,536,624,0.86,-0.002847275696694851,0.01744912751019001,-0.46234387159347534,0.015850231051445007,-0.1079729471821338
327399,Ancient West Asian Art,Vessel terminating in the forepart of a stag,,unknown,14th c. BCE,other,600,480,1.25,-0.0005278746830299497,0.005439706612378359,-0.8442659974098206,0.004294442944228649,-0.20876493063406087
310073,The Michael C. Rockefeller Wing,Grere'o (shield),Solomon Islands artist,male,18th c. CE,other,315,625,0.5,-0.000715334783308208,0.0036555170081555843,-0.527302622795105,0.0020793569274246693,-0.13057077091070823
13877,The American Wing,"Quilt, Album pattern",Brown and Turner families,unknown,19th c. CE,other,599,583,1.03,-0.007207726128399372,0.030990740284323692,-0.6322424411773682,0.029605994001030922,-0.14471335825510323
324198,Ancient West Asian Art,Openwork plaque with a sphinx at a tree,,unknown,9th c. BCE,other,572,625,0.92,-0.004400297068059444,0.05634981393814087,-0.6904529929161072,0.05455576628446579,-0.14598692744039
891654,Ancient West Asian Art,Bracelet with Assyrian-inspired design,,unknown,19th c. CE,other,599,449,1.33,-0.0002311939897481352,0.01464431919157505,-0.5123520493507385,0.014206967316567898,-0.12093298920808593
315052,The Michael C. Rockefeller Wing,Effigy bottle,Wari artist(s),unknown,7th c. CE,other,460,625,0.74,-0.0004659912665374577,0.0093826400116086,-0.7232365012168884,0.00924893282353878,-0.17626772991206963
324937,Ancient West Asian Art,Cloisonné furniture or cosmetic box plaque with three frontal heads,,unknown,8th c. BCE,other,598,375,1.59,-0.0017904164269566536,0.01596764661371708,-0.7167832255363464,0.01410483568906784,-0.17212528991512954
10956,The American Wing,Gilbert Stuart,Sarah Goodridge,female,19th c. CE,drawing_paper,570,625,0.91,-0.024792157113552094,0.01092527061700821,-0.015165392309427261,0.0892847329378128,0.015063113532960415
322603,Ancient West Asian Art,Molded plaque: king or a god carrying a mace,,unknown,20th c. BCE,other,599,572,1.05,-0.011935532093048096,0.0787733644247055,-0.1451360434293747,0.07566533982753754,-0.0006582178175449371
310364,The Michael C. Rockefeller Wing,Vessel with mythological scene,Metropolitan Painter,unknown,6th c. CE,other,462,625,0.74,-0.002848217962309718,0.043184299021959305,-0.7642195820808411,0.04188772663474083,-0.17049894359661266
325875,Ancient West Asian Art,Furniture element made from a hippopotamus incisor,,unknown,9th c. BCE,other,599,452,1.33,-0.0005175639525987208,0.0018720363732427359,-0.13193215429782867,0.0008205414051190019,-0.032439285118016414
891657,Ancient West Asian Art,Brooch with Assyrian and Achaemenid Persian-inspired design,,unknown,unknown,other,599,461,1.3,-0.0005802661762572825,0.006508306134492159,-0.8103747367858887,0.0060826251283288,-0.19959101792483125
327401,Ancient West Asian Art,Seated goddess with a child,,unknown,14th c. BCE,other,469,624,0.75,-0.0008824138203635812,0.017172804102301598,-0.3698175251483917,0.01657903380692005,-0.08423702526488341
322610,Ancient West Asian Art,Relief panel,,unknown,9th c. BCE,other,577,625,0.92,-0.019104979932308197,0.04955674335360527,-0.12119963020086288,0.008360132575035095,-0.02059693355113268
325874,Ancient West Asian Art,Incised furniture plaque with a frieze of lotus blossoms and buds,,unknown,9th c. BCE,other,599,318,1.88,-0.004217788111418486,0.046019598841667175,-0.2491561770439148,0.04248965159058571,-0.0412161786807701
309385,The Michael C. Rockefeller Wing,Double-chambered bottle with mouse,Recuay artist(s),unknown,2th c. CE,other,592,625,0.95,-0.0003727231523953378,0.0055611166171729565,-0.8618305921554565,0.0052487654611468315,-0.21284835830738302
325995,Ancient West Asian Art,Sealing on jar stopper (?),,unknown,1th c. BCE,other,600,506,1.19,-0.00014931790065020323,0.00025027210358530283,-0.09351430833339691,-0.00017433971515856683,-0.023396923461405095
329072,Ancient West Asian Art,"Statue of Gudea, named “Gudea, the man who built the temple, may his life be long”",,unknown,21th c. BCE,other,488,624,0.78,-0.00028061302145943046,0.014179231598973274,-0.36073777079582214,0.012465945445001125,-0.0835933016933268
317877,The Michael C. Rockefeller Wing,Processional Cross,Northern Highlands artist,unknown,13th c. CE,other,477,625,0.76,-0.0001599462702870369,0.001142673077993095,-0.8122774362564087,0.0009976536966860294,-0.20257426393800415
13576,The American Wing,Embroidered Carpet,Zeruah H. Guernsey Caswell,female,19th c. CE,other,585,625,0.94,-0.016389327123761177,0.07023677974939346,-0.2766267955303192,0.031289443373680115,-0.0478724748827517
323710,Ancient West Asian Art,Cup,,unknown,40th c. BCE,other,600,474,1.27,-0.000559343199711293,0.0039635151624679565,-0.5829313397407532,0.0034920107573270798,-0.14400878925516736
324739,Ancient West Asian Art,Openwork furniture plaque with a grazing oryx in a forest of fronds,,unknown,9th c. BCE,other,599,560,1.07,-0.015539531596004963,0.19389449059963226,-0.39631137251853943,0.18605786561965942,-0.007974636973813176
323709,Ancient West Asian Art,Cup,,unknown,40th c. BCE,other,600,600,1.0,-0.0002953619114123285,0.004336690064519644,-0.8182054758071899,0.004144504200667143,-0.20250491086335387
322611,Ancient West Asian Art,Relief panel,,unknown,9th c. BCE,other,600,609,0.99,-0.044548071920871735,0.18260300159454346,-0.019883548840880394,0.13934047520160675,0.06437796400859952
13638,The American Wing,"Coverlet, Agriculture & Manufactures pattern",,unknown,19th c. CE,other,473,625,0.76,-0.01623649150133133,0.015719808638095856,-0.6204003095626831,-0.032536573708057404,-0.163363391533494
323794,Ancient West Asian Art,Vessel,,unknown,30th c. BCE,other,482,624,0.77,-0.00021215675224084407,0.003237419296056032,-0.6805203557014465,0.0030267969705164433,-0.16861707404677873
329076,Ancient West Asian Art,"Shaft-hole axe head with bird-headed demon, boar, and dragon",,unknown,23th c. BCE,painting,599,587,1.02,-0.0009584061335772276,0.016082627698779106,-0.7127030491828918,0.01343684084713459,-0.17103549669263884
22912,Arms and Armor,Dirk with Sheath,,unknown,17th c. CE,other,499,624,0.8,-0.0003187132242601365,0.005487156566232443,-0.7972226142883301,0.005204720888286829,-0.19671236251451774
897907,The American Wing,Armchair,Eliphalet Chapin,unknown,18th c. CE,other,468,624,0.75,-0.001432382152415812,0.01058281771838665,-0.5804333686828613,0.010225057601928711,-0.14026446887874044
323944,Ancient West Asian Art,Vessel in form of horned quadruped,,unknown,7th c. BCE,other,503,625,0.8,-0.002646208740770817,0.024650508537888527,-0.44309893250465393,0.022354375571012497,-0.09968506428413093
322890,Ancient West Asian Art,Furniture support: female sphinx with Hathor-style curls,,unknown,18th c. BCE,painting,595,624,0.95,-0.0011590959038585424,0.02071567252278328,-0.45685112476348877,0.02003246732056141,-0.10431552020600066
35388,Arms and Armor,Two-Handed Sword,,unknown,14th c. CE,other,446,624,0.71,-0.00046151166316121817,-0.0018805305007845163,-0.19589892029762268,-0.002329812617972493,-0.05014269376988523
325818,Ancient West Asian Art,Necklace with the head of the Egyptian god Bes,,unknown,6th c. BCE,other,599,258,2.32,-0.0025848925579339266,0.010753883980214596,-0.7098356485366821,0.00927960965782404,-0.17309676186414436
329073,Ancient West Asian Art,Seated female,,unknown,23th c. BCE,other,599,617,0.97,-0.0024180589243769646,0.02050265297293663,-0.7012168169021606,0.02018815465271473,-0.16573601705022156
788188,Arms and Armor,Gold-inlaid Colt Model 1849 Pocket Revolver (serial no. 63306),Samuel Colt,male,19th c. CE,other,598,304,1.97,-0.08726127445697784,-0.008033514022827148,-0.09365838766098022,-0.04036802798509598,-0.0573303010314703
325081,Ancient West Asian Art,"Incised horse frontlet carved into the shape of a flowering, volute palmette tree",,unknown,9th c. BCE,other,600,623,0.96,-0.00036498814006336033,0.0028027757070958614,-0.8844158053398132,0.0025550988502800465,-0.21985572973062517
325354,Ancient West Asian Art,Furniture plaque carved in relief with a male figure slaying a griffin,,unknown,9th c. BCE,other,491,624,0.79,-0.005527951754629612,0.05701010301709175,-0.19139954447746277,0.05279434844851494,-0.021780761191621423
23944,Arms and Armor,Armor of Emperor Ferdinand I (1503–1564),Kunz Lochner,unknown,16th c. CE,other,353,625,0.56,-0.004823070019483566,0.041076209396123886,-0.2356930524110794,0.037211209535598755,-0.04055717587471008
325564,Ancient West Asian Art,Furniture plaque carved in high relief with two Egyptianizing figures flanking a volute tree,,unknown,9th c. BCE,other,491,625,0.79,-0.004204578697681427,0.06096024066209793,-0.645818829536438,0.05839192122220993,-0.1326678115874529
325355,Ancient West Asian Art,Furniture plaque carved in relief with lion-headed figure,,unknown,8th c. BCE,other,504,625,0.81,-0.028983520343899727,0.1522986888885498,-0.22010184824466705,0.14180095493793488,0.011253568809479475
24007,Arms and Armor,Cuirass (<i>Char-aina</i>),,unknown,17th c. CE,other,600,600,1.0,-0.01659005880355835,0.1253543347120285,-0.16769623756408691,0.11860264092683792,0.01491766981780529
13640,The American Wing,Coverlet,,unknown,19th c. CE,other,526,625,0.84,-0.004221590701490641,0.019568175077438354,-0.32564568519592285,-0.0063626524060964584,-0.0791654383065179
324381,Ancient West Asian Art,Plaque,,unknown,9th c. BCE,other,599,351,1.71,-0.003675475250929594,0.026733865961432457,-0.06402381509542465,0.025485772639513016,-0.0038699129363521934
781871,Ancient West Asian Art,Persian Travelogue: A Diary of a Journey through the region of Fars,,unknown,19th c. CE,drawing_paper,600,450,1.33,-0.0017671255627647042,0.006030848249793053,-0.8434642553329468,0.0008587869815528393,-0.2095854364160914
788195,Arms and Armor,"Gold-inlaid Colt Model 1851 Navy Revolver (serial no. 20133), with Case and Accessories",Samuel Colt,male,19th c. CE,other,600,344,1.74,-0.03146130219101906,0.02662874571979046,-0.1349278688430786,0.015335451811552048,-0.03110624337568879
13565,The American Wing,Bed rug,N. L.,unknown,18th c. CE,other,593,625,0.95,-0.0066527994349598885,0.020136991515755653,-0.7130571603775024,0.005751598626375198,-0.17345534241758287
325348,Ancient West Asian Art,Horse frontlet carved in relief with a female figure flanked by lions,,unknown,9th c. BCE,other,437,625,0.7,-0.0014900253154337406,0.017980653792619705,-0.47659018635749817,0.0164466742426157,-0.11091322090942413
814650,The American Wing,Vase (New World),Joseph S. Potter,male,19th c. CE,other,468,624,0.75,-0.0005057445378042758,0.01298005972057581,-0.6685729622840881,0.012511598877608776,-0.16089676205592696
891658,Ancient West Asian Art,Brooch with Assyrian divine archer in a winged disc,,unknown,19th c. CE,other,599,450,1.33,-0.0021748999133706093,0.010289866477251053,-0.4957074224948883,0.005508262198418379,-0.12052104843314737
788174,Arms and Armor,"Smith & Wesson .44 Double-Action Frontier Model Revolver decorated by Tiffany & Co. (serial no. 8401), with Case and Cleaning Rod",Smith & Wesson,unknown,19th c. CE,other,600,455,1.32,-0.0024299854412674904,0.025152500718832016,-0.10283935815095901,0.02151007018983364,-0.014651693170890212
324322,Ancient West Asian Art,Horse blinker carved in relief with a seated sphinx,,unknown,8th c. BCE,other,599,471,1.27,-0.0016235000221058726,0.01643403246998787,-0.5962858200073242,0.014135695993900299,-0.14183489789138548
20891,The American Wing,The Five Points,Unknown Artist,unknown,19th c. CE,painting,600,448,1.34,-0.005689791403710842,-0.004712093621492386,0.0011496588122099638,0.0022804182954132557,-0.0017429519793950021
24182,Arms and Armor,Cuirass,,unknown,18th c. CE,other,600,600,1.0,-0.00032130995532497764,0.003640187671408057,-0.7723474502563477,0.0035911041777580976,-0.19135936709062662
324941,Ancient West Asian Art,Incised furniture plaque with a kneeling bull,,unknown,9th c. BCE,other,599,465,1.29,-0.00600461196154356,0.098538838326931,-0.258512020111084,0.09558309614658356,-0.017598674399778247
322619,Ancient West Asian Art,Relief panel,,unknown,9th c. BCE,other,400,624,0.64,-0.019683802500367165,0.11498093605041504,-0.1341448575258255,0.09700267761945724,0.014538738410919905
24316,Arms and Armor,Sacrificial Sword (Rāmdāo),,unknown,19th c. CE,other,599,337,1.78,-0.0007726228795945644,0.0051244525238871574,-0.18944422900676727,0.004335290286689997,-0.04518927726894617
325667,Ancient West Asian Art,Openwork plaque with a sphinx striding through a floral landscape,,unknown,9th c. BCE,other,468,624,0.75,-0.0019624691922217607,0.045089319348335266,-0.6080868244171143,0.043952152132987976,-0.1302519555320032
814649,The American Wing,Vase (Old World),Joseph S. Potter,male,19th c. CE,other,468,624,0.75,-0.0008640028536319733,0.020846039056777954,-0.7684187293052673,0.020256703719496727,-0.18204499734565616
10367,The American Wing,View of the Tunnel of the Harlem Railroad,Nicolino Calyo,male,19th c. CE,other,600,409,1.47,-0.0028381063602864742,-0.0049781277775764465,-6.080244202166796e-05,0.01113595999777317,0.0008147308544721454
1668,The American Wing,Watercolor,Eugene B. Cunningham,male,19th c. CE,drawing_paper,472,624,0.76,-0.004055679775774479,-0.0011030128225684166,-0.528680682182312,-0.049201685935258865,-0.14576026517897844
24318,Arms and Armor,Sacrificial Knife,,unknown,19th c. CE,other,351,624,0.56,-0.00039423859561793506,0.0017789318226277828,-0.6567184329032898,0.00107188755646348,-0.16356546302995412
325665,Ancient West Asian Art,"Furniture plaque carved in relief with a striding, falcon-headed winged sphinx supported by two kneeling figures",,unknown,9th c. BCE,other,495,624,0.79,-0.0035444058012217283,0.0524565689265728,-0.3166499733924866,0.050506263971328735,-0.05430788657395169
24317,Arms and Armor,Sacrificial Sword (Kartrī or Churī),,unknown,19th c. CE,other,351,624,0.56,-0.0002489551843609661,0.0007135543273761868,-0.6457135677337646,-0.0006205390673130751,-0.16146737691451563
325669,Ancient West Asian Art,Furniture plaque carved in relief with sphinx,,unknown,9th c. BCE,other,599,562,1.07,-0.0034112446010112762,0.049452174454927444,-0.294830322265625,0.04730444774031639,-0.05037123616784811
678610,Arms and Armor,Set of Sacrificial Weapons,,unknown,19th c. CE,other,599,337,1.78,-0.0007726228795945644,0.0051244525238871574,-0.18944422900676727,0.004335290286689997,-0.04518927726894617
325670,Ancient West Asian Art,Furniture plaque carved in relief with a falcon-headed figure,,unknown,9th c. BCE,other,529,625,0.85,-0.0024027484469115734,0.02604127861559391,-0.6225340962409973,0.02387002296745777,-0.1437563857762143
325562,Ancient West Asian Art,Furniture element carved in the round with the head of a roaring lion,,unknown,9th c. BCE,other,599,575,1.04,-0.0014042474795132875,0.0301363468170166,-0.5415133833885193,0.029284857213497162,-0.1208741067093797
327480,Ancient West Asian Art,Lobed bowl,,unknown,5th c. CE,other,598,336,1.78,-8.17852996988222e-05,0.0004411806876305491,-0.8559179902076721,0.00029531618929468095,-0.21381581965761143
325345,Ancient West Asian Art,Plaque carved in relief with Egyptianizing creature,,unknown,8th c. BCE,other,511,625,0.82,-0.002940791891887784,0.10970191657543182,-0.5811630487442017,0.10833451896905899,-0.09151685127289966
14006,The American Wing,Water-lily textile,Associated Artists,unknown,19th c. CE,print,280,624,0.45,-0.015013441443443298,-0.033410683274269104,-0.5158774852752686,9.092967957258224e-05,-0.1410526700783521
325867,Ancient West Asian Art,Cloisonné furniture plaque with a figure holding a sword,,unknown,9th c. BCE,other,600,545,1.1,-0.004708605818450451,0.17285321652889252,-0.24103236198425293,0.1647304892539978,0.022960684495046735
322358,Ancient West Asian Art,Drachm,,unknown,1th c. CE,other,600,600,1.0,-0.0031094758305698633,0.011111767962574959,-0.275299608707428,0.009777854196727276,-0.0643798655946739
324596,Ancient West Asian Art,Plaque with tribute bearers,,unknown,9th c. BCE,other,600,510,1.18,-0.012808278203010559,0.04445831850171089,-0.13295935094356537,0.03494473546743393,-0.016591143794357777
20615,The American Wing,Sampler,Julia Ann Fitch,female,19th c. CE,other,548,625,0.88,0.0057081785053014755,0.08948098123073578,-0.374397873878479,0.0674426257610321,-0.05294152209535241
14047,The American Wing,Embroidered Sampler,A. H.,unknown,19th c. CE,other,595,625,0.95,-0.001782537205144763,0.003735230304300785,-0.8387616276741028,0.0004613220226019621,-0.2090869031380862
322353,Ancient West Asian Art,Drachm,,unknown,1th c. BCE,other,600,600,1.0,-0.004781059920787811,0.013804430142045021,-0.08788838237524033,0.010737050324678421,-0.017031990457326174
324382,Ancient West Asian Art,Plaque,,unknown,9th c. BCE,other,599,282,2.12,-0.004977440927177668,0.034291885793209076,-0.33112993836402893,0.030124343931674957,-0.06792278739158064
322621,Ancient West Asian Art,Relief panel,,unknown,9th c. BCE,other,570,625,0.91,-0.017371803522109985,0.18020597100257874,-0.2645367681980133,0.1655016839504242,0.01594977080821991
322359,Ancient West Asian Art,Drachm,,unknown,1th c. CE,other,600,600,1.0,-0.003467693692073226,0.012617678381502628,-0.28312060236930847,0.00906878337264061,-0.06622545857680961
325565,Ancient West Asian Art,Cloisonné furniture plaque with two sphinxes flanking a cartouche,,unknown,9th c. BCE,other,599,471,1.27,-0.0005339491181075573,0.0022765975445508957,-0.8032573461532593,0.0010359134757891297,-0.2001196960627567
327832,Ancient West Asian Art,Panel fragment with the god Shiva/Oesho,,unknown,2th c. CE,sculpture,491,624,0.79,-0.0011352786095812917,0.006736056879162788,-0.2834562659263611,0.006453806068748236,-0.06785042039700784
322351,Ancient West Asian Art,Silver drachm,,unknown,2th c. BCE,other,599,400,1.5,-0.003132849233224988,0.01825428195297718,-0.0734703466296196,0.015240092761814594,-0.010777205287013203
325868,Ancient West Asian Art,"Furniture plaque carved in relief with a winged, falcon-headed sphinx",,unknown,9th c. BCE,other,491,625,0.79,-0.014876307919621468,0.1386730968952179,-0.13605526089668274,0.13169176876544952,0.029858324211090803
310599,The Michael C. Rockefeller Wing,Fish hacha,Classic Veracruz artist(s),unknown,6th c. CE,other,595,625,0.95,-0.007584617473185062,0.0180254764854908,-0.7152267098426819,0.014744993299245834,-0.17251021438278258
308458,The Michael C. Rockefeller Wing,Spout-and-bridge bottle with fox,Topará artist(s),unknown,2th c. BCE,other,600,489,1.23,-0.0019454200519248843,0.016258927062153816,-0.7212235927581787,0.01558195985853672,-0.17283203147235326
662967,The Michael C. Rockefeller Wing,Vessel with mythological scene,Maya artist(s),female,6th c. CE,other,468,624,0.75,-0.0023799301125109196,0.05201124772429466,-0.7005126476287842,0.05062014237046242,-0.1500652969116345
312928,The Michael C. Rockefeller Wing,Neckless jar with complex scene,Paracas artist(s),unknown,4th c. BCE,other,468,624,0.75,-0.0032578525133430958,0.026192277669906616,-0.5703356862068176,0.0247789453715086,-0.13065557891968638
701288,The Michael C. Rockefeller Wing,Yäʿğğ mäsqäl (hand cross),Northern Highlands artist,unknown,17th c. CE,other,387,625,0.62,-7.388192170765251e-05,0.0007698548724874854,-0.8210127353668213,0.0006986980442889035,-0.20490451609293814
308532,The Michael C. Rockefeller Wing,Tuber-inspired stirrup-spout bottle,Moche artist(s),unknown,5th c. CE,other,468,624,0.75,-0.0005323753575794399,0.010242484509944916,-0.7276038527488708,0.009793538600206375,-0.17702505124907475
313256,The Michael C. Rockefeller Wing,Mirror-bearer,Maya artist(s),female,5th c. CE,other,454,624,0.73,-0.0006801064591854811,0.020778873935341835,-0.7601335644721985,0.01783127337694168,-0.1805508809047751
310568,The Michael C. Rockefeller Wing,Bottle with deity,Wari artist(s),unknown,7th c. CE,other,465,625,0.74,-0.001216794247739017,0.017962049692869186,-0.5122813582420349,0.016741357743740082,-0.11969868626329117
318345,The Michael C. Rockefeller Wing,Censer with seated king,Maya artist(s),female,3th c. CE,other,499,624,0.8,-0.00011354393063811585,0.0012934933183714747,-0.8183532357215881,0.001096045016311109,-0.20401931032938592
313267,The Michael C. Rockefeller Wing,Kero (beaker),Inca artist(s),unknown,14th c. CE,other,600,602,1.0,-0.00011940166587010026,0.00024338030198123306,-0.8768187761306763,0.00010090920841321349,-0.21914847207153798
310221,The Michael C. Rockefeller Wing,Gourd-shaped bottle,Topará artist(s),unknown,2th c. BCE,other,599,468,1.28,-0.0009110250975936651,0.004600323271006346,-0.7539664506912231,0.004334980621933937,-0.18648554297396913
316846,The Michael C. Rockefeller Wing,Kero (beaker),Peruvian artist(s),unknown,16th c. CE,other,540,625,0.86,-0.0001407111412845552,0.0018321741372346878,-0.8234110474586487,0.0017680572345852852,-0.20498788180702832
757089,The Michael C. Rockefeller Wing,Door board (jovo),,unknown,18th c. CE,other,334,623,0.54,-0.0023017588537186384,0.022018320858478546,-0.4409258961677551,0.017262006178498268,-0.10098683199612424
757056,The Michael C. Rockefeller Wing,Door board (jovo),,unknown,18th c. CE,other,334,623,0.54,-0.0017953456845134497,0.015990784391760826,-0.39053791761398315,0.011749150231480598,-0.0911483321688138
308565,The Michael C. Rockefeller Wing,Stirrup-spout bottle with mountain sacrifice scene,Moche artist,unknown,5th c. CE,other,429,624,0.69,-0.001999279949814081,0.019017651677131653,-0.8690966367721558,0.016627579927444458,-0.20886267127934843
316847,The Michael C. Rockefeller Wing,Kero (beaker),Peruvian artist(s),unknown,16th c. CE,other,487,624,0.78,-0.00010291204671375453,6.89237640472129e-05,-0.9425786733627319,-8.506979793310165e-05,-0.2356744328608329
310542,The Michael C. Rockefeller Wing,Whistling vessel,Maya artist(s),female,4th c. CE,other,480,624,0.77,-0.0012510939268395305,0.015365727245807648,-0.7530768513679504,0.013521169312298298,-0.181360262184171
316274,The Michael C. Rockefeller Wing,Plate with trumpeter,Maya artist(s),female,7th c. CE,other,599,586,1.02,-0.0034987502731382847,0.0513993538916111,-0.5503212809562683,0.05010705441236496,-0.11307840573135763
314217,The Michael C. Rockefeller Wing,Vessel with mythological scene,Metropolitan Painter,unknown,6th c. CE,other,462,625,0.74,-0.0027708644047379494,0.035339388996362686,-0.5711987018585205,0.03385462239384651,-0.12619388871826231
313289,The Michael C. Rockefeller Wing,Hand with beaker,Inca artist(s),unknown,14th c. CE,other,599,426,1.41,-0.000681548728607595,0.006623458117246628,-0.6448838114738464,0.006247167941182852,-0.15817368353600614
318662,The Michael C. Rockefeller Wing,Vessel with throne scene,Chamá artist(s),unknown,6th c. CE,other,499,624,0.8,-0.0019418991869315505,0.03361209109425545,-0.6625134944915771,0.03302687779068947,-0.14945410619839095
313240,The Michael C. Rockefeller Wing,Relief with enthroned ruler,Chakalte',unknown,8th c. CE,other,600,606,0.99,-0.015140758827328682,0.1743529587984085,-0.042261067777872086,0.1538085788488388,0.06768992776051164
310227,The Michael C. Rockefeller Wing,Double-chambered bottle with monkeys,Topará artist(s),unknown,2th c. BCE,other,599,554,1.08,-0.0010347479255869985,0.011045907624065876,-0.7560498714447021,0.007666396908462048,-0.1845930787094403
313398,The Michael C. Rockefeller Wing,Nose ornament in the shape of a head,,unknown,5th c. CE,other,600,450,1.33,-0.0003850080247502774,0.007394473534077406,-0.7760231494903564,0.006983992177993059,-0.19050742295075906
733038,The Michael C. Rockefeller Wing,Arganonä Maryam (The Organ of Mary) prayer book,"Baselyos, also known as ""The Ground Hornbill Master""",unknown,17th c. CE,drawing_paper,555,624,0.89,-0.004065932240337133,0.006594158709049225,-0.29527685046195984,0.04213593527674675,-0.06265317217912525
318674,The Michael C. Rockefeller Wing,Altar to the Sun Warrior,Mexico Nahua artist(s),unknown,15th c. CE,other,599,449,1.33,-0.0005983635783195496,0.010523703880608082,-0.6455197334289551,0.010259333997964859,-0.15633376478217542
316780,The Michael C. Rockefeller Wing,Pedestal Plate,,unknown,4th c. CE,other,600,556,1.08,-0.00010445090447319672,0.001345367985777557,-0.9437354803085327,0.001274996204301715,-0.23530489175573166
718242,The Michael C. Rockefeller Wing,Plate with the god Chahk,Maya artist(s),female,6th c. CE,other,599,587,1.02,-0.0011085973819717765,0.013457972556352615,-0.505986213684082,0.011598989367485046,-0.12050946228555404
313262,The Michael C. Rockefeller Wing,Deity figure,Maya artist(s),female,2th c. CE,other,475,624,0.76,-0.0008657496655359864,0.02884167805314064,-0.4076901078224182,0.027687575668096542,-0.08800665094167925
316779,The Michael C. Rockefeller Wing,Pedestal Plate,,unknown,4th c. CE,other,600,556,1.08,-0.00010445090447319672,0.001345367985777557,-0.9437354803085327,0.001274996204301715,-0.23530489175573166
309713,The Michael C. Rockefeller Wing,Yoke-form vessel,Maya artist(s),female,4th c. CE,other,498,625,0.8,-0.000929453584831208,0.011241456493735313,-0.828852117061615,0.01056227833032608,-0.2019944589555962
307598,The Michael C. Rockefeller Wing,Eagle relief,Toltec artist(s),unknown,9th c. CE,other,599,553,1.08,-0.0009532972471788526,0.006287951488047838,-0.7789067625999451,0.0054315924644470215,-0.19203512897365727
310513,The Michael C. Rockefeller Wing,Ornament,Maya artist(s),female,4th c. CE,other,599,319,1.88,-0.0016924425726756454,0.0018918078858405352,-0.25448206067085266,-0.0020541283302009106,-0.06408420592197217
317760,The Michael C. Rockefeller Wing,Pair of carved ornaments with the Maize God,Maya artist(s),female,4th c. CE,other,599,359,1.67,-0.004905217327177525,0.04927017167210579,-0.4569588899612427,0.04711710289120674,-0.09136920818127692
310607,The Michael C. Rockefeller Wing,"Vessel, Seated Deities",,unknown,5th c. CE,other,468,624,0.75,-0.0006926440983079374,0.008689829148352146,-0.7558293342590332,0.008362914435565472,-0.18486730869335588
317830,The Michael C. Rockefeller Wing,Hand Cross (mäsqäl),,unknown,17th c. CE,other,387,623,0.62,-0.00038974828203208745,0.0029608234763145447,-0.7639975547790527,0.0027077142149209976,-0.18967969134246232
316709,The Michael C. Rockefeller Wing,Nose ornament,Vicús artist(s),unknown,1th c. BCE,other,600,453,1.32,-0.0015668676933273673,0.009621631354093552,-0.7634084820747375,0.007646881975233555,-0.18692670910968445
313325,The Michael C. Rockefeller Wing,Ceremonial Handle (?),,unknown,6th c. CE,other,546,625,0.87,-0.0005339150666259229,0.0032025252003222704,-0.7527058720588684,0.002898843726143241,-0.1867846045497572
312599,The Michael C. Rockefeller Wing,Pedestal Bowl,,unknown,12th c. CE,other,599,583,1.03,-0.00024634000146761537,0.0033678540494292974,-0.7363227009773254,0.0032355203293263912,-0.18249141665000934
307602,The Michael C. Rockefeller Wing,Prayer book with case (mahdar),Wäldä Maryam,unknown,18th c. CE,other,496,624,0.79,-0.0011482785921543837,0.0016593983164057136,-0.09057113528251648,0.0007673708023503423,-0.022323161188978702
315884,The Michael C. Rockefeller Wing,Lidded Vessel,,unknown,2th c. CE,other,600,462,1.3,-0.0006360882543958724,0.005022150464355946,-0.6063504219055176,0.005191946867853403,-0.14919310320692603
309529,The Michael C. Rockefeller Wing,"Pendant Icon: St. George, Virgin and Child Enthroned",,unknown,17th c. CE,other,600,445,1.35,-0.0028404041659086943,0.02437654882669449,-0.6645216345787048,0.025423258543014526,-0.15439055784372613
312581,The Michael C. Rockefeller Wing,House model,Nayarit artist(s),unknown,2th c. BCE,other,484,624,0.78,-0.0008581900037825108,0.014352594502270222,-0.7381450533866882,0.012761609628796577,-0.17797225981485099
319633,The Michael C. Rockefeller Wing,Cylindrical Vessel,,unknown,5th c. CE,other,468,624,0.75,-0.0002464459394104779,0.004073551390320063,-0.8338778614997864,0.004109155386686325,-0.20648540016554762
312643,The Michael C. Rockefeller Wing,Yoke,,unknown,6th c. CE,other,599,410,1.46,-0.0010246415622532368,0.005919003859162331,-0.6640434265136719,0.005079406313598156,-0.16351741447579116
309958,The Michael C. Rockefeller Wing,Bead,Moche artist(s),unknown,2th c. CE,other,600,596,1.01,-0.00019044583314098418,0.005807004868984222,-0.7113368511199951,0.0054642208851873875,-0.17506401779974112
314523,The Michael C. Rockefeller Wing,Cylindrical Vessel,,unknown,1th c. BCE,other,599,611,0.98,-0.00020880413649138063,0.0017658206634223461,-0.6936749219894409,0.0015680927317589521,-0.17263745318268775
316304,The Michael C. Rockefeller Wing,Tripod Plate,,unknown,8th c. CE,other,508,625,0.81,-0.0016387359937652946,0.016894187778234482,-0.7350388765335083,0.01590128429234028,-0.1759705351141747
314522,The Michael C. Rockefeller Wing,Tetrapod Jar,,unknown,2th c. BCE,other,600,584,1.03,-0.0002195059205405414,0.0018628921825438738,-0.7940021753311157,0.0015479535795748234,-0.1977027088723844
314827,The Michael C. Rockefeller Wing,Tripod Bird Bowl,,unknown,2th c. CE,other,499,624,0.8,-0.0003054265398532152,0.009146295487880707,-0.7538508176803589,0.008804256096482277,-0.18405142315896228
316711,The Michael C. Rockefeller Wing,Vessel with Seated Lord,,unknown,6th c. CE,other,534,624,0.86,-0.0024979521986097097,0.03912530466914177,-0.5517804026603699,0.03761114552617073,-0.11938547616591677
314518,The Michael C. Rockefeller Wing,Tetrapod Bowl,,unknown,1th c. CE,other,599,478,1.25,-0.00026922524557448924,0.0020585875026881695,-0.7953037619590759,0.0018034555250778794,-0.1979277360442211
314524,The Michael C. Rockefeller Wing,Cylindrical Vessel,,unknown,1th c. CE,other,444,625,0.71,-0.00018139176245313138,0.000614038435742259,-0.7620301246643066,0.0005286404630169272,-0.19026720938200015
316813,The Michael C. Rockefeller Wing,"Jar, Ritual Scenes",,unknown,7th c. CE,other,520,625,0.83,-0.0014400818618014455,0.01673431321978569,-0.4742952585220337,0.016169030219316483,-0.11070799923618324
320804,The Michael C. Rockefeller Wing,Hanging (?) Fragment,,unknown,15th c. CE,other,324,624,0.52,-0.0016785725019872189,0.009864245541393757,-0.26011133193969727,0.005860244855284691,-0.06151635351125151
310480,The Michael C. Rockefeller Wing,Head of a Rain God,,unknown,9th c. CE,other,576,624,0.92,-0.001915403176099062,0.043735433369874954,-0.24754315614700317,0.042211901396512985,-0.040877806139178574
319873,The Michael C. Rockefeller Wing,Deity face pendant,,unknown,unknown,other,468,624,0.75,-0.0005406864220276475,0.013891502283513546,-0.4875573217868805,0.013507147319614887,-0.11517483965144493
310498,The Michael C. Rockefeller Wing,Standing figure,Mezcala artist(s),unknown,3th c. BCE,other,380,624,0.61,-0.00040228519355878234,0.0025088884867727757,-0.31212157011032104,0.0017017615027725697,-0.07707830132858362
126673,The Michael C. Rockefeller Wing,Pin (ttipqui),Peruvian artist(s),unknown,18th c. CE,other,271,624,0.43,-0.0005019874079152942,0.0009513857075944543,-0.8757295608520508,0.00014023168478161097,-0.2187849827168975
312694,The Michael C. Rockefeller Wing,Ear Spool,,unknown,5th c. CE,other,599,589,1.02,-0.00012509277439676225,0.0017858375795185566,-0.7394686937332153,0.0015027025947347283,-0.1840763115833397
312923,The Michael C. Rockefeller Wing,Bird Pendant,,unknown,3th c. BCE,other,600,400,1.5,-0.0005388011340983212,0.006699888966977596,-0.7254515886306763,0.006469427142292261,-0.17820526841387618
316796,The Michael C. Rockefeller Wing,Receptacle with Figurative Relief and Stopper,,unknown,19th c. CE,other,468,624,0.75,-0.0006926541100256145,0.005012266803532839,-0.7227150797843933,0.004824941977858543,-0.17839263127825689
317619,The Michael C. Rockefeller Wing,Turkey Vessel,,unknown,6th c. CE,other,599,457,1.31,-0.0006474379915744066,0.004732843954116106,-0.8079270124435425,0.003883805824443698,-0.19998945016413927
309952,The Michael C. Rockefeller Wing,Animal pendant,,unknown,1th c. CE,other,599,462,1.3,-0.0006011832738295197,0.0065605915151536465,-0.8986572027206421,0.005441856570541859,-0.22181398447719403
310467,The Michael C. Rockefeller Wing,Modified celt-pendant with incised motifs,Olmec artist(s),unknown,9th c. BCE,other,451,624,0.72,-0.0015911608934402466,0.009748272597789764,-0.42662757635116577,0.008979180827736855,-0.10237282095476985
315668,The Michael C. Rockefeller Wing,Tupu (pin),,unknown,14th c. CE,other,599,355,1.69,-0.00010806138743646443,0.0004328718059696257,-0.5402851700782776,0.000299298029858619,-0.13491526540747145
320054,The Michael C. Rockefeller Wing,Miniature tabard,,unknown,16th c. CE,other,494,624,0.79,-0.008618184365332127,0.04314569756388664,-0.18822163343429565,0.036935050040483475,-0.029189767548814416
316963,The Michael C. Rockefeller Wing,Four-Cornered Hat,,unknown,6th c. CE,other,600,485,1.24,-0.0007438923930749297,0.005881546996533871,-0.7568098902702332,0.0044534290209412575,-0.18680470166145824
929079,Asian Art,Orchids and Rocks,Yi Ha-eung,unknown,19th c. CE,drawing_paper,468,624,0.75,-0.01269988901913166,0.04747012257575989,-0.20037536323070526,-0.0066101402044296265,-0.043053817469626665
49068,Asian Art,Bamboo in Snow,Dapeng Zhengkun (Taihō Shōkon),unknown,18th c. CE,drawing_paper,322,624,0.52,-0.00446812529116869,0.02762070670723915,-0.31300249695777893,-0.005072545260190964,-0.07373061520047486
49179,Asian Art,Landscapes,Shitao (Zhu Ruoji),unknown,17th c. CE,drawing_paper,599,415,1.44,-0.007774656638503075,0.02806493267416954,-0.09105011075735092,-0.024703670293092728,-0.023865876253694296
53660,Asian Art,Ten Verses on Oxherding,,unknown,12th c. CE,drawing_paper,599,373,1.61,-0.029863223433494568,0.1503026932477951,-0.10674025118350983,0.13248345255851746,0.03654566779732704
39901,Asian Art,Night-Shining White,Han Gan,unknown,8th c. CE,drawing_paper,600,450,1.33,-0.0017810938879847527,0.008621010929346085,-0.4896463453769684,-0.003726823255419731,-0.1216333128977567
701293,Asian Art,Poems from the Pavilion of True Meaning,Zhou Lianggong,unknown,17th c. CE,drawing_paper,600,450,1.33,-0.005249896086752415,0.03342630714178085,-0.12347491085529327,0.028006721287965775,-0.016822944628074765
53002,Asian Art,"Shino Tea Bowl with Bridge and Shrine, Known as “Bridge of the Gods” (Shinkyō)",,unknown,16th c. CE,other,599,337,1.78,-0.0011927725281566381,0.00863521359860897,-0.690240204334259,0.007806719280779362,-0.16874776099575683
39931,Asian Art,Landscapes,Dai Benxiao,unknown,17th c. CE,drawing_paper,490,625,0.78,-0.013223284855484962,0.04423146694898605,-0.04505075141787529,-0.02449304610490799,-0.009633903857320547
857949,Asian Art,“Magic Fountain” ewer,,unknown,16th c. CE,other,468,624,0.75,-0.0002604892652016133,0.004266461357474327,-0.8069702982902527,0.00393871171399951,-0.19975640362099512
45258,Asian Art,Bamboo in the Four Seasons,Tosa Mitsunobu,unknown,15th c. CE,painting,600,283,2.12,-0.009673572145402431,0.07082702964544296,-0.1378534436225891,0.05378172919154167,-0.005729564232751727
53222,Asian Art,Musk Cat,Uto Gyoshi,male,16th c. CE,drawing_paper,468,624,0.75,0.001923716627061367,0.00513659929856658,-0.08031130582094193,-0.015814930200576782,-0.02226648002397269
44918,Asian Art,Rough Waves,Ogata Kōrin,unknown,17th c. CE,painting,599,534,1.12,-0.01485369261354208,0.10919702798128128,-0.062116991728544235,0.01434297114610672,0.011642328696325421
73159,Asian Art,Portrait of Li Xiangjun,Cui He,unknown,19th c. CE,drawing_paper,304,623,0.49,-0.003914578817784786,0.025159630924463272,-0.11135776340961456,0.005396375432610512,-0.02117908396758139
38006,Asian Art,Portrait of the Indian Monk Atisha,,unknown,11th c. CE,other,452,625,0.72,-0.001705152215436101,-0.028738057240843773,-0.1346292495727539,-0.011005952954292297,-0.04401960299583152
816189,Asian Art,"”Abiding nowhere, the awakened mind arises”",Musō Soseki,unknown,14th c. CE,drawing_paper,356,623,0.57,-0.011392389424145222,0.016300279647111893,-0.04935675486922264,-0.01703106425702572,-0.015369982225820422
53408,Asian Art,White Plum Blossoms and Moon,Itō Jakuchū,unknown,18th c. CE,drawing_paper,468,624,0.75,-0.0016302677104249597,-0.0044974712654948235,-0.31783968210220337,-0.0034018224105238914,-0.08184231087216176
53439,Asian Art,Women on a Bridge Tossing Fans into a River,,unknown,16th c. CE,painting,598,279,2.14,-0.005295530892908573,0.07423587143421173,-0.06613890826702118,0.060949452221393585,0.01593772112391889
53449,Asian Art,Six Jewel Rivers from Various Provinces,Utagawa Hiroshige,unknown,19th c. CE,drawing_paper,469,625,0.75,-0.0296243317425251,0.4544883966445923,-0.038583412766456604,0.42732611298561096,0.20340169128030539
53429,Asian Art,Cherry Blossom Viewing at Itsukushima and Yoshino,,unknown,16th c. CE,painting,599,285,2.1,-0.013706456869840622,0.01764257252216339,-0.10669109970331192,-0.014988519251346588,-0.029435875825583935
53241,Asian Art,Willows and Bridge,,unknown,16th c. CE,painting,599,296,2.02,-0.035176753997802734,0.25965338945388794,-0.02378642000257969,0.15065449476242065,0.08783617755398154
36131,Asian Art,Landscapes with poems,Gong Xian,unknown,17th c. CE,other,600,415,1.45,-0.05705646425485611,0.14836040139198303,-0.016794439405202866,0.034786656498909,0.027324038557708263
76084,Asian Art,The Bodhisattva Jizō,Intan,unknown,13th c. CE,other,468,624,0.75,-0.0002256912994198501,0.011043068021535873,-0.6108621954917908,0.010044701397418976,-0.14750002934306394
53162,Asian Art,Tobatsu Bishamonten,,unknown,8th c. CE,other,468,624,0.75,-0.0007274749223142862,0.024300120770931244,-0.607825756072998,0.022994916886091232,-0.14031454833457246
39668,Asian Art,"Old Trees, Level Distance",Guo Xi,unknown,11th c. CE,drawing_paper,600,320,1.88,-0.011773776262998581,0.01480364240705967,-0.10673361271619797,-0.024483103305101395,-0.03204671246930957
53187,Asian Art,Kasuga Deer Mandala (Kasuga shika mandara zu),,unknown,13th c. CE,other,468,624,0.75,-0.005216589197516441,0.09171798080205917,-0.20303422212600708,0.039800163358449936,-0.019183166790753603
57206,Asian Art,Flower Baskets and Farmer's Hat,Shibata Zeshin,unknown,19th c. CE,drawing_paper,471,624,0.75,-0.012795286253094673,0.006368361413478851,-0.18750755488872528,-0.06824401021003723,-0.06554462248459458
37904,Asian Art,Krishna Steals the Gopis’ Clothing: Page from a Dispersed Bhagavata Purana Manuscript,,unknown,17th c. CE,drawing_paper,600,310,1.94,-0.004549328237771988,0.017316944897174835,-0.32557469606399536,0.0017952676862478256,-0.07775295292958617
54791,Asian Art,Amida Manifesting in the Dharma-body of Expedient Means,,unknown,17th c. CE,drawing_paper,285,625,0.46,-0.0020072655752301216,0.003728345036506653,-0.4497450590133667,-0.012180270627140999,-0.11505106254480779
40080,Asian Art,Fragrant Snow at Broken Bridge,Wang Mian,unknown,13th c. CE,drawing_paper,332,624,0.53,-0.012974350713193417,0.010395320132374763,-0.11868416517972946,-0.032287679612636566,-0.03838771884329617
53458,Asian Art,Lingering Rain over Half the Village,Urakami (Uragami) Gyokudō,unknown,17th c. CE,drawing_paper,600,450,1.33,-0.0058706291019916534,0.014785008504986763,-0.27542179822921753,-0.008289294317364693,-0.06869917828589678
53167,Asian Art,Flying Apsaras (Hiten),,unknown,9th c. CE,other,576,625,0.92,-0.0010781995952129364,0.014523014426231384,-0.819188117980957,0.009691253304481506,-0.19901301246136427
888663,Asian Art,Handscroll of Ten Homoerotic (Nanshoku) Scenes,Miyagawa Chōshun 宮川長春,unknown,17th c. CE,drawing_paper,600,403,1.49,0.004053761251270771,0.01367677841335535,-0.20433638989925385,-0.02231357805430889,-0.052229857072234154
36436,Asian Art,Landscapes,Zhang Feng,unknown,17th c. CE,drawing_paper,600,406,1.48,-0.028979036957025528,0.040589578449726105,-0.005661908537149429,-0.031695254147052765,-0.006436655297875404
44634,Asian Art,Drunken Asaina,Katsushika Hokusai,unknown,18th c. CE,drawing_paper,600,450,1.33,-0.0019456641748547554,0.014304581098258495,-0.6348971128463745,0.0028723618015646935,-0.15491645853035152
49467,Asian Art,Cat and Butterfly,Xugu (Zhu Huairen),unknown,19th c. CE,drawing_paper,374,624,0.6,-0.005781310144811869,0.0023937011137604713,-0.314311146736145,-0.03671451658010483,-0.08860331808682531
53427,Asian Art,Six Jewel Rivers,Sakai Ōho,unknown,19th c. CE,drawing_paper,599,335,1.79,-0.002935892902314663,0.01845691353082657,-0.0614757239818573,0.0030854642391204834,-0.010717309778556228
752005,Asian Art,"Welcoming Descent of Amida, the Buddha of Infinite Light, and His Holy Retinue",Unidentified artist,unknown,14th c. CE,drawing_paper,358,625,0.57,-0.00299259927123785,0.036300044506788254,-0.3329782783985138,0.024556173011660576,-0.0687786650378257
59025,Asian Art,Pavilion amongst Wintry Trees after Ni Zan,Qi Zhijia,unknown,17th c. CE,drawing_paper,290,623,0.47,-0.01025601476430893,-0.0008592866361141205,-0.12946683168411255,-0.015337381511926651,-0.03897987864911556
860963,Asian Art,Mending clothes by daylight,Unidentified artist,unknown,13th c. CE,drawing_paper,468,624,0.75,-0.011476192623376846,0.0651576891541481,-0.19300226867198944,-0.012587212026119232,-0.037976996041834354
41193,Asian Art,Crows in Old Trees,Luo Zhichuan,unknown,13th c. CE,drawing_paper,443,624,0.71,-0.009173845872282982,0.0377165824174881,-0.12263205647468567,-0.007526028901338577,-0.025403837207704782
663886,Asian Art,Portrait of Yinyuan Longqi (Ingen Ryūki),unidentified artist,unknown,17th c. CE,drawing_paper,310,623,0.5,-0.0013794824481010437,0.004945460706949234,-0.11040879786014557,-0.03337233141064644,-0.035053787752985954
49156,Asian Art,"The Kangxi Emperor's Southern Inspection Tour, Scroll Three: Ji'nan to Mount Tai",Wang Hui,unknown,17th c. CE,drawing_paper,599,274,2.19,-0.003329940140247345,0.0020787278190255165,-0.018816789612174034,-0.022334560751914978,-0.01060064067132771
57363,Asian Art,Page of a Pilgrim’s Visiting Album,,unknown,18th c. CE,drawing_paper,386,624,0.62,-0.0004169149906374514,0.0037361360155045986,-0.20423434674739838,-0.006665038876235485,-0.05189504114969168
49177,Asian Art,Outing to Zhang Gong's Grotto,Shitao (Zhu Ruoji),unknown,17th c. CE,drawing_paper,599,397,1.51,-0.006562225986272097,-0.007256710901856422,-0.008245937526226044,-0.002485772594809532,-0.006137661752291024
65555,Asian Art,Landscapes,Xiao Yuncong,unknown,17th c. CE,drawing_paper,483,624,0.77,-0.017208313569426537,0.03494986891746521,-0.19059427082538605,-0.053596481680870056,-0.05661229928955436
49456,Asian Art,Herbaceous Peony,Hu Yuan,unknown,19th c. CE,drawing_paper,599,361,1.66,-0.0010667596943676472,0.06405815482139587,-0.1856795698404312,0.043298982083797455,-0.019847298157401383
49187,Asian Art,Wangchuan Villa,Wang Yuanqi,unknown,18th c. CE,drawing_paper,599,353,1.7,-0.004863967653363943,0.06153760850429535,-0.047556329518556595,0.024442419409751892,0.008389932685531676
705076,Asian Art,Drawings and Poems by Various Artists,Shokusanjin (Ōta Nanpo),unknown,19th c. CE,drawing_paper,307,625,0.49,-0.0059111230075359344,0.014658241532742977,-0.15142571926116943,0.0007935464382171631,-0.03547126357443631
49173,Asian Art,Returning Home,Shitao (Zhu Ruoji),unknown,17th c. CE,drawing_paper,396,625,0.63,-0.00554213672876358,0.008538358844816685,-0.08798867464065552,-0.050064727663993835,-0.03376429504714906
688517,Asian Art,Chōmeiji Temple Pilgrimage Mandala,,unknown,16th c. CE,painting,599,553,1.08,-0.0030447961762547493,0.03531825542449951,-0.2699863314628601,0.035429004579782486,-0.050570966908708215
49241,Asian Art,Ink bamboo,Li Shan,unknown,18th c. CE,drawing_paper,375,624,0.6,-0.0048774490132927895,0.022280652076005936,-0.24202324450016022,0.0010085050016641617,-0.05590288410894573
57344,Asian Art,White Poppies on Gold Ground,Ogata Kōrin,unknown,17th c. CE,painting,599,319,1.88,-0.008877847343683243,0.038202304393053055,-0.24846167862415314,0.011309944093227386,-0.051956819370388985
57805,Asian Art,"Random Sketches by Hokusai, Volume 12",Katsushika Hokusai,unknown,19th c. CE,drawing_paper,505,624,0.81,-0.0036013226490467787,0.02663976140320301,-0.011786805465817451,0.018917135894298553,0.0075421922956593335
41057,Asian Art,Woman Admiring Plum Blossoms at Night,Suzuki Harunobu 鈴木春信,unknown,18th c. CE,drawing_paper,410,624,0.66,-0.011384546756744385,0.10638678073883057,-0.053654372692108154,0.04685267060995102,0.02205013297498226
57569,Asian Art,Picture Book of Crawling Creatures (The Insect Book) (Ehon mushi erami) 画本虫撰,Kitagawa Utamaro 喜多川歌麿,unknown,19th c. CE,drawing_paper,599,459,1.31,-0.001808783388696611,0.005797802470624447,-0.31105926632881165,-0.008249130100011826,-0.07882984433672391
57573,Asian Art,Statuette of Buddha Sitting on Engraved Throne,,unknown,9th c. CE,sculpture,380,623,0.61,-0.00016432155098300427,0.0034910745453089476,-0.5516560673713684,0.0015341353137046099,-0.13669879476583446
459028,Robert Lehman Collection,Portrait of Alvise Contarini(?); (verso) A Tethered Roebuck,Jacometto (Jacometto Veneziano),unknown,15th c. CE,painting,440,625,0.7,-0.003286527469754219,0.018220702186226845,7.195747457444668e-05,0.024759633466601372,0.009941441414412111
459254,Robert Lehman Collection,Self-portrait,Simon Bening,male,16th c. CE,painting,442,624,0.71,-0.0009874033275991678,0.01055719330906868,-0.07999559491872787,0.01781574636697769,-0.013152514642570168
459249,Robert Lehman Collection,"Tabernacle House Altar with the Adoration of the Shepherds, the Adoration of the Magi, and the Annunciation.",Reinhold Vasters,male,16th c. CE,other,468,624,0.75,-0.00047993657062761486,0.01742122322320938,-0.5403764247894287,0.016439029946923256,-0.12674902704748092
459027,Robert Lehman Collection,"Portrait of a Woman, Possibly a Nun of San Secondo; (verso) Scene in Grisaille",Jacometto (Jacometto Veneziano),unknown,15th c. CE,painting,435,624,0.7,-0.0020296163856983185,0.03306043520569801,-0.0012287246063351631,0.0310889333486557,0.015222756890580058
459080,Robert Lehman Collection,Erasmus of Rotterdam,Hans Holbein the Younger,male,16th c. CE,painting,482,624,0.77,-0.003494277596473694,-0.00014999695122241974,-0.006357414182275534,0.008885180577635765,-0.00027912703808397055
458967,Robert Lehman Collection,Saint Anthony the Abbot in the Wilderness,Sano di Pietro (Ansano di Pietro di Mencio),unknown,15th c. CE,painting,456,624,0.73,-0.0010190223110839725,-0.006819019094109535,-0.015684202313423157,0.006246931850910187,-0.004318827966926619
459061,Robert Lehman Collection,"Christ Carrying the Cross, with the Crucifixion; The Resurrection, with the Pilgrims of Emmaus",Gerard David,male,16th c. CE,painting,430,624,0.69,-0.01729051023721695,0.12244545668363571,0.006072488613426685,0.11861301958560944,0.05746011366136372
458979,Robert Lehman Collection,Madonna and Child,Sano di Pietro (Ansano di Pietro di Mencio),unknown,15th c. CE,painting,446,624,0.71,-0.00028451159596443176,0.23136481642723083,-0.013267413713037968,0.20609021186828613,0.10597577574662864
459055,Robert Lehman Collection,The Annunciation,Hans Memling,male,15th c. CE,painting,456,624,0.73,-0.0024012369103729725,0.03680874779820442,-0.01415729895234108,0.038330402225255966,0.014645153540186584
458971,Robert Lehman Collection,The Creation of the World and the Expulsion from Paradise,Giovanni di Paolo (Giovanni di Paolo di Grazia),male,15th c. CE,painting,600,534,1.12,-0.042960431426763535,0.1900634914636612,-0.256955087184906,0.16741016507148743,0.01438953448086977
459062,Robert Lehman Collection,Archangel Gabriel; The Virgin Annunciate,Gerard David,male,16th c. CE,painting,430,624,0.69,-0.007541520521044731,0.05681920051574707,-0.02644721418619156,0.051294609904289246,0.018531268928200006
459008,Robert Lehman Collection,The Crucified Christ between the Virgin and Saint John the Evangelist,Lorenzo Monaco (Piero di Giovanni),male,15th c. CE,painting,308,623,0.49,0.012597691267728806,0.043557871133089066,-0.037167493253946304,0.03287716954946518,0.012966309674084187
458972,Robert Lehman Collection,Madonna and Child with Saints Jerome and Agnes,Giovanni di Paolo (Giovanni di Paolo di Grazia),male,15th c. CE,painting,489,624,0.78,-0.0027578622102737427,0.03883964568376541,-0.0171673521399498,0.02580588310956955,0.011180078610777855
458998,Robert Lehman Collection,The Assumption of the Virgin,Bernardo Daddi,male,14th c. CE,painting,599,479,1.25,-0.010130439884960651,0.10604031383991241,-0.1313391625881195,0.08340755105018616,0.011994565604254603
458964,Robert Lehman Collection,Madonna and Child Enthroned with Two Donors,Goodhart Ducciesque Master,unknown,14th c. CE,painting,369,624,0.59,-0.0019175686175003648,0.0016471538692712784,-0.11756453663110733,0.014138338156044483,-0.025924153305822983
459133,Robert Lehman Collection,The Adoration of the Magi,"Italian, Neapolitan Follower of Giotto",unknown,14th c. CE,painting,443,625,0.71,-0.0018996002618223429,-0.006612936034798622,-0.1841413825750351,-0.002740432508289814,-0.04884858784498647
459253,Robert Lehman Collection,Holy Face,Gerard David,male,15th c. CE,painting,376,624,0.6,-0.010010134428739548,0.010843627154827118,-0.03958798199892044,0.03669162094593048,-0.0005157170817255974
458978,Robert Lehman Collection,Coronation of the Virgin,Giovanni di Paolo (Giovanni di Paolo di Grazia),male,15th c. CE,painting,461,624,0.74,-0.008893538266420364,0.01025164034217596,-0.055622171610593796,-0.00980689562857151,-0.016017741290852427
459065,Robert Lehman Collection,Virgin and Child,Master of the Female Half-Lengths,unknown,16th c. CE,painting,475,624,0.76,-0.0040208627469837666,0.03868987038731575,-0.006184162572026253,0.03403650224208832,0.015630336827598512
459136,Robert Lehman Collection,Madonna and Child,Simone Martini,female,14th c. CE,painting,457,624,0.73,-0.0029661748558282852,0.10916375368833542,-0.010598341934382915,0.09379027783870697,0.0473473786842078
459016,Robert Lehman Collection,The Annunciation,Botticelli (Alessandro di Mariano Filipepi),unknown,15th c. CE,painting,600,394,1.52,-0.008884640410542488,0.06368092447519302,-0.007885267026722431,0.08445204794406891,0.03284076624549925
458953,Robert Lehman Collection,Saint Ansanus,Simone Martini,female,14th c. CE,painting,457,624,0.73,0.00926442351192236,0.018874075263738632,0.0001275511458516121,0.021966850385069847,0.012558225076645613
458970,Robert Lehman Collection,Saint Ambrose,Giovanni di Paolo (Giovanni di Paolo di Grazia),male,15th c. CE,painting,391,624,0.63,0.012277585454285145,-0.016328170895576477,-0.044869694858789444,-0.019559144973754883,-0.017119856318458915
459079,Robert Lehman Collection,Mary of Burgundy,Master H.A. or A.H.,unknown,16th c. CE,painting,431,624,0.69,-0.0007684014271944761,-0.043239958584308624,-0.09541352093219757,-0.009627517312765121,-0.03726234956411645
459053,Robert Lehman Collection,Virgin and Child,Hans Memling,male,15th c. CE,painting,461,624,0.74,-0.004335071891546249,0.14236542582511902,-0.006254187319427729,0.1299750804901123,0.06543781177606434
459007,Robert Lehman Collection,The Nativity,Lorenzo Monaco (Piero di Giovanni),male,15th c. CE,painting,599,400,1.5,-0.018012631684541702,0.13442158699035645,-0.15233294665813446,0.09576349705457687,0.014959876425564289
459071,Robert Lehman Collection,Portrait of a Woman,Netherlandish or French,unknown,15th c. CE,painting,454,624,0.73,-0.0019654897041618824,0.026505261659622192,-0.03641773760318756,0.021978477016091347,0.002525127842091024
459073,Robert Lehman Collection,Virgin and Child with a Dragonfly,Master of Saint Giles,unknown,15th c. CE,painting,437,624,0.7,-0.008262958377599716,0.09621907770633698,-0.008509419858455658,0.09960509836673737,0.04476294945925474
458963,Robert Lehman Collection,"Madonna and Child Enthroned with Saint John the Evangelist, Saint Peter, Saint Agnes, Saint Catherine of Alexandria, Saint Lucy, an Unidentified Female Saint, Saint Paul, and Saint John the Baptist, with Eve and the Serpent; the Annunciation",Paolo di Giovanni Fei,male,14th c. CE,painting,425,624,0.68,0.004550233483314514,0.07460270822048187,-0.004119990859180689,0.06053340062499046,0.03389158786740154
459057,Robert Lehman Collection,Saint Christopher and the Infant Christ,Dieric Bouts,unknown,15th c. CE,painting,452,624,0.72,0.008586635813117027,0.20432156324386597,0.014707257971167564,0.19408763945102692,0.10542577411979437
459058,Robert Lehman Collection,The Adoration of the Christ Child,Master of Frankfurt,unknown,15th c. CE,painting,444,624,0.71,-0.002533127786591649,0.03141390159726143,-0.04124228656291962,0.028561700135469437,0.0040500468458049
459078,Robert Lehman Collection,Nymph of the Spring,Lucas Cranach the Younger,male,16th c. CE,painting,600,453,1.32,0.02002635970711708,0.16984876990318298,0.0039693936705589294,0.15162675082683563,0.08636781852692366
459257,Robert Lehman Collection,Saint Michael,Pietro di Giovanni d'Ambrogio,male,15th c. CE,painting,285,623,0.46,0.004408921115100384,0.04381776973605156,-0.042998045682907104,0.01124630868434906,0.004118738463148475
459134,Robert Lehman Collection,Madonna and Child,Lippo Memmi (Filippo di Memmo),unknown,14th c. CE,painting,313,624,0.5,-0.0022506210952997208,0.04819267988204956,-0.10199717432260513,0.05233798548579216,-0.0009292825125157833
458981,Robert Lehman Collection,Madonna and Child Enthroned with Two Cherubim,Sano di Pietro (Ansano di Pietro di Mencio),unknown,15th c. CE,painting,307,623,0.49,-0.00029496103525161743,0.019355595111846924,-0.07921680063009262,-0.0006060302257537842,-0.015190549194812775
459005,Robert Lehman Collection,The Crucifixion,Andrea di Cione (Orcagna),female,14th c. CE,painting,418,624,0.67,-0.01158268004655838,0.028752338141202927,-0.04613221436738968,0.0013602375984191895,-0.006900579668581486
459059,Robert Lehman Collection,The Holy Family,Joos van Cleve,unknown,16th c. CE,painting,422,624,0.68,-0.015460298396646976,0.06064797565340996,-0.02178635448217392,0.05001641809940338,0.01835443521849811
458954,Robert Lehman Collection,Saint Mary Magdalen,Lippo Memmi (Filippo di Memmo),unknown,14th c. CE,painting,376,625,0.6,-0.00043559540063142776,-0.011782556772232056,-0.1456492394208908,0.003740919753909111,-0.038531617959961295
459186,Robert Lehman Collection,Study for the Equestrian Monument to Francesco Sforza,Antonio Pollaiuolo,male,15th c. CE,drawing_paper,562,624,0.9,-0.0038503645919263363,0.006210105959326029,-0.01855899766087532,-0.028077099472284317,-0.011069088941439986
458958,Robert Lehman Collection,Head of the Virgin,Taddeo di Bartolo,male,15th c. CE,painting,490,625,0.78,-0.0026862509548664093,-0.0353693813085556,-0.14985036849975586,0.0009704176336526871,-0.046733895782381296
458969,Robert Lehman Collection,The Virgin Annunciate,Andrea Delitio,female,15th c. CE,painting,384,625,0.61,-0.0005356855690479279,-0.011277787387371063,-0.016720108687877655,-0.000735107809305191,-0.007317172363400459
459064,Robert Lehman Collection,Adoration of the Magi,Imitator of Netherlandish (Antwerp Mannerist) Painter,unknown,16th c. CE,painting,599,433,1.38,-0.006522313691675663,0.09984838962554932,-0.11211002618074417,0.09851677715778351,0.019933206727728248
459582,Robert Lehman Collection,The Holy Virgins Greeted by Christ as They Enter the Gates of Paradise,Simon Marmion,male,15th c. CE,painting,465,624,0.75,-0.0008846507407724857,-0.005154542624950409,-0.0074476441368460655,0.0012100930325686932,-0.0030691861175000668
459001,Robert Lehman Collection,Madonna Adoring the Child,Botticelli (Alessandro di Mariano Filipepi),unknown,15th c. CE,painting,470,624,0.75,-0.0031731720082461834,0.003271292895078659,-0.0014811049913987517,0.000909801572561264,-0.00011829563300125301
459227,Robert Lehman Collection,Emperor Vespasian Cured by Veronica's Veil,,unknown,16th c. CE,other,599,604,0.99,-0.004164887126535177,0.06814604252576828,-0.2570604085922241,0.057888999581336975,-0.03379756340291351
720984,Robert Lehman Collection,Model for a medal of Francesco Redi; a Ship at Sea,Massimiliano Soldani,male,17th c. CE,other,600,450,1.33,-0.0037550805136561394,0.011820204555988312,-0.0421488992869854,0.008530139923095703,-0.0063884088303893805
917782,Photographs,"[Merchants' Carnival Portrait: Hiram Jennings Fancy Groceries, Moberly, Missouri]",True,unknown,19th c. CE,print,411,625,0.66,-0.005783902946859598,0.009327040053904057,-0.6219488978385925,-0.0014261938631534576,-0.15495798864867538
623038,Photographs,"Figure 20: Profound suffering, with resignation",Guillaume-Benjamin-Amand Duchenne de Boulogne,unknown,19th c. CE,print,447,624,0.72,-0.022371016442775726,0.11610005795955658,-0.04814942553639412,0.08008137345314026,0.03141524735838175
474336,Medieval Art,Portable Icon with the Virgin Eleousa,,unknown,13th c. CE,painting,549,624,0.88,-0.003719693748280406,0.010619551874697208,-0.5197027325630188,0.017219480127096176,-0.12389584857737646
464179,Medieval Art,Triptych with the Coronation of the Virgin,,unknown,14th c. CE,other,518,624,0.83,-0.0014684899942949414,0.016666332259774208,-0.561701238155365,0.01217494998127222,-0.13358211147715338
472562,Medieval Art,The Fieschi Morgan Staurotheke,,unknown,8th c. CE,other,600,480,1.25,-0.0007226903107948601,0.011341211386024952,-0.6362338066101074,0.010862083174288273,-0.15368830059014726
463785,Medieval Art,Enthroned Virgin and Child,,unknown,13th c. CE,other,398,623,0.64,-0.0026006384287029505,0.08212718367576599,-0.5480256676673889,0.07911856472492218,-0.09734513942385092
478665,Medieval Art,Four Gospels in Armenian,,unknown,15th c. CE,painting,599,378,1.58,-0.012916571460664272,0.04054286703467369,-0.3547855615615845,0.025710374116897583,-0.07536222296766937
477499,Medieval Art,Jaharis Byzantine Lectionary,,unknown,11th c. CE,painting,600,450,1.33,-0.006391262169927359,0.04338180273771286,-0.21757423877716064,0.03837957978248596,-0.035551029606722295
464447,Medieval Art,Prayer Bead with the Crucifixion and Jesus before Pilate,,unknown,15th c. CE,other,468,624,0.75,-0.0015170382102951407,0.017014766111969948,-0.7840220332145691,0.015693482011556625,-0.18820770582533441
464251,Medieval Art,Diptych with Scenes from the Lives of Jesus and Mary,,unknown,14th c. CE,other,599,589,1.02,-0.005163329653441906,0.03149094432592392,-0.5096483826637268,0.024334494024515152,-0.11474656849168241
469960,Medieval Art,Fragment of a Floor Mosaic with a Personification of Ktisis,,unknown,5th c. CE,sculpture,599,532,1.13,0.009545247070491314,0.07028719037771225,-0.2148459255695343,0.06156972795724869,-0.018360940041020513
464294,Medieval Art,Virgin and Child,,unknown,13th c. CE,other,468,624,0.75,-0.004419819451868534,0.13041730225086212,-0.35021132230758667,0.11858640611171722,-0.026406858349218965
464483,Medieval Art,Chasse with the Crucifixion and Christ in Majesty,,unknown,12th c. CE,other,600,480,1.25,-0.0010552869644016027,0.02493075653910637,-0.6788265109062195,0.02449985034763813,-0.15761279774596915
463795,Medieval Art,Virgin and Child in Majesty,,unknown,12th c. CE,other,468,624,0.75,-0.001198846148326993,0.026747645810246468,-0.7093983292579651,0.02504562959074974,-0.16470097500132397
701436,Medieval Art,Plaques with Scenes from the Story of Joshua,,unknown,9th c. CE,other,600,480,1.25,-0.0039024734869599342,0.10425912588834763,-0.365744024515152,0.10184181481599808,-0.04088638932444155
464148,Medieval Art,Virgin and Child,,unknown,13th c. CE,other,384,624,0.62,-0.010297207161784172,0.20636174082756042,-0.14812329411506653,0.19947867095470428,0.0618549776263535
464018,Medieval Art,Plaque with Scenes from the Story of Joshua,,unknown,9th c. CE,other,599,477,1.26,-0.02325616031885147,0.20412756502628326,-0.5115454792976379,0.19765633344650269,-0.033254435285925865
464453,Medieval Art,"Altarpiece with the Lives of Jesus, Saint John the Baptist, and Saint John the Evangelist",Baldassare degli Embriachi,male,14th c. CE,other,599,435,1.38,-0.0036311494186520576,0.029469920322299004,-0.7250263690948486,0.027123408392071724,-0.1680160474497825
464273,Medieval Art,Diptych with the Adoration of the Magi and the Vera Icon (True Image),,unknown,14th c. CE,other,600,422,1.42,-0.0027751787565648556,0.021250909194350243,-0.7304053902626038,0.01904413104057312,-0.1732213821960613
464278,Medieval Art,Triptych,,unknown,13th c. CE,other,468,624,0.75,-0.0015623093349859118,0.018689099699258804,-0.6661232709884644,0.016234245151281357,-0.15819055886822753
467367,Medieval Art,Virgin and Child,,unknown,14th c. CE,other,468,624,0.75,-0.004911360796540976,0.11612483114004135,-0.37993642687797546,0.10876315087080002,-0.03998995141591877
468372,Medieval Art,"The Three Magi, from an Adoration Group",Hans Thoman,male,16th c. CE,other,599,413,1.45,-0.00971048604696989,0.27810370922088623,-0.3731122314929962,0.2715933918952942,0.04171859589405358
464161,Medieval Art,Folding Devotional Shrine with Scenes from Christ's Passion,,unknown,14th c. CE,other,599,499,1.2,-0.00044177123345434666,0.004929536022245884,-0.8552520275115967,0.004275476559996605,-0.21162219654070213
464295,Medieval Art,Enthroned Virgin and Child,,unknown,13th c. CE,other,416,624,0.67,-0.005567245185375214,0.08220769464969635,-0.3750905990600586,0.06906991451978683,-0.057345058768987656
464169,Medieval Art,Diptych with Scenes from the Passion,,unknown,14th c. CE,other,599,520,1.15,-0.01980755105614662,0.1772744357585907,-0.5487346649169922,0.16918672621250153,-0.055520263500511646
464137,Medieval Art,Virgin and Child,,unknown,13th c. CE,other,468,624,0.75,-0.004872286692261696,0.084991954267025,-0.34563374519348145,0.0777832567691803,-0.04693270521238446
468339,Medieval Art,Diptych with Scenes from the Passion of Jesus,,unknown,14th c. CE,other,600,612,0.98,-0.003753029741346836,0.03490954637527466,-0.6396995186805725,0.028172586113214493,-0.14509260398335755
464118,Medieval Art,Crozier Head with Double Enthroned Christ,,unknown,14th c. CE,other,407,624,0.65,-0.0012861344730481505,0.026361091062426567,-0.603891909122467,0.02444595843553543,-0.1385927485243883
479089,Medieval Art,Mirror Case with scenes of paired lovers,,unknown,14th c. CE,other,599,583,1.03,-0.0006028778734616935,0.01562388613820076,-0.7705177068710327,0.015085126273334026,-0.1851028930832399
464272,Medieval Art,Diptych with Scenes from the Passion,,unknown,13th c. CE,other,600,450,1.33,-0.012917252257466316,0.08416534215211868,-0.47908294200897217,0.07461902499198914,-0.08330395678058267
468350,Medieval Art,Case (étui) with an amorous inscription,,unknown,15th c. CE,other,600,450,1.33,-0.0013400099705904722,0.00789767224341631,-0.4817048907279968,0.006368307396769524,-0.11719473026460037
464441,Medieval Art,Half of a Prayer Bead with the Lamentation,,unknown,15th c. CE,other,600,450,1.33,-0.0018852478824555874,0.050967708230018616,-0.2404104471206665,0.049096666276454926,-0.03555783012416214
464132,Medieval Art,Right Leaf of a Diptych,,unknown,13th c. CE,other,417,624,0.67,-0.00950738973915577,0.08430875837802887,-0.39820194244384766,0.07509692758321762,-0.062075911555439234
464440,Medieval Art,Half of a Prayer Bead with the Prayer of the Rosary,,unknown,15th c. CE,other,600,450,1.33,-0.0021848566830158234,0.028151867911219597,-0.2885597050189972,0.02541731856763363,-0.05929384380578995
464292,Medieval Art,Diptych with the Glorification of the Virgin and the Crucifixion,,unknown,13th c. CE,other,599,468,1.28,-0.0068002850748598576,0.017605464905500412,-0.7830049991607666,0.011277827434241772,-0.19023049797397107
464155,Medieval Art,Diptych with the Glorification of the Virgin and the Crucifixion,,unknown,13th c. CE,other,599,426,1.41,-0.015858963131904602,0.1031002327799797,-0.5791488885879517,0.09057816863059998,-0.10033236257731915
464136,Medieval Art,"Box with scenes from the Romance, ""The Chatelaine of Vergy""",,unknown,14th c. CE,other,599,422,1.42,-0.0009642795193940401,0.005713962949812412,-0.5388008952140808,0.00542713887989521,-0.1321560182259418
467475,Medieval Art,Leaf from a Diptych with the Adoration of the Magi,,unknown,13th c. CE,other,452,625,0.72,-0.005073335953056812,0.03882438316941261,-0.5379520654678345,0.03370261564850807,-0.11762460065074265
464253,Medieval Art,Folding Shrine with Virgin and Child,,unknown,13th c. CE,other,600,581,1.03,-0.002634644042700529,0.03300122171640396,-0.6345846652984619,0.028017688542604446,-0.1440500997705385
468254,Medieval Art,Manuscript Illumination with Adoration of the Magi,Master of James IV of Scotland (probably Gerard Horenbout),unknown,16th c. CE,painting,456,624,0.73,-0.00772460550069809,0.015770617872476578,-0.03454792872071266,0.020368071272969246,-0.001533461268991232
468624,Medieval Art,Stole with the Martyrdom of St. Catherine,,unknown,12th c. CE,other,599,263,2.28,-0.003943593706935644,0.032428137958049774,-0.6366065740585327,0.028567317873239517,-0.14488867798354477
464016,Medieval Art,Panel from an Ivory Casket with Scenes of the Story of Joshua,,unknown,9th c. CE,other,600,326,1.84,-0.005819116719067097,0.1257125586271286,-0.5886439681053162,0.12361269444227219,-0.08628445793874562
467421,Medieval Art,Leaf from a Manuscript of Valerius Maximus,Workshop of Pierre Remiet,unknown,14th c. CE,painting,481,624,0.77,-0.009085954166948795,0.019090332090854645,-0.32886019349098206,0.008306235074996948,-0.07763739512301981
467694,Medieval Art,Folding Shrine with Virgin and Child,,unknown,13th c. CE,other,430,624,0.69,-0.008188661187887192,0.32650572061538696,-0.27375462651252747,0.321451872587204,0.09150357637554407
464157,Medieval Art,"Diptych with the Entry into Jerusalem, Crucifixion, Entombment, and Resurrection",,unknown,13th c. CE,other,600,432,1.39,-0.010747210122644901,0.0592605397105217,-0.7467661499977112,0.055741824209690094,-0.16062774905003607
464017,Medieval Art,Casket Plaque,,unknown,9th c. CE,other,599,491,1.22,-0.007863112725317478,0.047179076820611954,-0.7273324131965637,0.044036608189344406,-0.1609949602279812
464087,Medieval Art,Circular Box (Pyxis) with Scenes from the Infancy of Jesus,,unknown,13th c. CE,other,600,515,1.17,-0.00015551812248304486,0.003851293120533228,-0.7059805989265442,0.0036438757088035345,-0.17466023705492262
468640,Medieval Art,Plate with Wife Beating Husband,,unknown,15th c. CE,other,600,600,1.0,-0.0007528130663558841,0.01175171509385109,-0.8416132926940918,0.01090392004698515,-0.20492761765490286
464268,Medieval Art,Diptych with the Passion of Jesus,,unknown,14th c. CE,other,599,306,1.96,-0.013875694945454597,0.09944601356983185,-0.5548014640808105,0.09358836710453033,-0.09391069458797574
464264,Medieval Art,Leaf from a Diptych,,unknown,14th c. CE,other,417,624,0.67,-0.046502552926540375,0.17557379603385925,-0.16868965327739716,0.10317560285329819,0.015889298170804977
464133,Medieval Art,"Box with Scenes from the Romance, “The Chatelaine de Vergy”",,unknown,14th c. CE,other,599,424,1.41,-0.0023719584569334984,0.01679006777703762,-0.6833975911140442,0.01634363830089569,-0.1631589608732611
467731,Medieval Art,Box with Standing Saints,,unknown,13th c. CE,other,600,450,1.33,-0.00014999922132119536,0.001637831563130021,-0.7210724949836731,0.0014568984042853117,-0.17953194105939474
467643,Medieval Art,Leaf of a Writing Tablet,,unknown,13th c. CE,other,468,624,0.75,-0.004569169133901596,0.05130794644355774,-0.5469512343406677,0.04449540376663208,-0.11392926331609488
467685,Medieval Art,Cameo with the Archangel Michael,,unknown,14th c. CE,other,478,624,0.77,-0.002002362161874771,0.014783102087676525,-0.623037576675415,0.013407513499259949,-0.14921233081258833
466085,Medieval Art,"Capital with Angels Holding the Veil of Saint Veronica, with a Column",,unknown,14th c. CE,other,221,624,0.35,-0.0011607238557189703,2.616085112094879e-05,-0.36915895342826843,-0.0012055739061906934,-0.09287477258476429
464125,Medieval Art,Box with Romance Scenes,,unknown,14th c. CE,other,600,480,1.25,-0.0016898999456316233,0.012066163122653961,-0.39167115092277527,0.011501935310661793,-0.09244823810877278
464243,Medieval Art,Fragments of a Crucifixion,,unknown,14th c. CE,other,599,427,1.4,-0.014572416432201862,0.13219214975833893,-0.4164934456348419,0.11386629194021225,-0.04625185509212315
470298,Medieval Art,Sword and Scabbard,,unknown,1th c. BCE,other,500,625,0.8,-0.0007106596603989601,0.0029996326193213463,-0.5570076107978821,0.0018972009420394897,-0.13820535922423005
464699,Medieval Art,Book Cover with Crucifixion Panel,,unknown,14th c. CE,other,468,624,0.75,-0.0024392250925302505,0.033042244613170624,-0.7273813486099243,0.029619792476296425,-0.16678963415324688
464289,Medieval Art,Folding Shrine with Virgin and Child,,unknown,14th c. CE,other,596,624,0.96,-0.0034982175566256046,0.014983737841248512,-0.7326186299324036,0.009654334746301174,-0.17786969372536987
468062,Medieval Art,Textile Fragment with Double-Headed Eagles,,unknown,10th c. CE,other,433,625,0.69,-0.005355844274163246,0.027001511305570602,-0.05121501907706261,0.015868812799453735,-0.003425134811550379
477779,Medieval Art,Limestone Head of Joseph,,unknown,13th c. CE,other,600,619,0.97,-0.0015901532024145126,0.015672944486141205,-0.46161603927612305,0.012654519639909267,-0.10871968208812177
466073,Medieval Art,Right Wing of a Diptych with Crucifixion,,unknown,13th c. CE,other,462,624,0.74,-0.009290121495723724,0.005561585538089275,-0.6217767000198364,-0.004146485589444637,-0.15741293039172888
464130,Medieval Art,Folding Shrine with the Virgin and Child,,unknown,13th c. CE,other,599,600,1.0,-0.0008994051022455096,0.01744685135781765,-0.672423779964447,0.014815784059464931,-0.1602651374123525
464046,Medieval Art,Box with Courting Couples,,unknown,13th c. CE,other,599,412,1.45,-0.0013193836202844977,0.014309899881482124,-0.3615400791168213,0.014085808768868446,-0.0836159385216888
464174,Medieval Art,Virgin and Child,,unknown,13th c. CE,other,353,624,0.57,-0.005801206920295954,0.14791308343410492,-0.2580140233039856,0.13746362924575806,0.005390370613895357
464247,Medieval Art,Mirror Case,,unknown,14th c. CE,other,600,612,0.98,-0.0018551737302914262,0.018722426146268845,-0.8272238969802856,0.016928739845752716,-0.19835697617963888
466251,Medieval Art,Processional Cross,,unknown,10th c. CE,other,500,625,0.8,-0.00063518580282107,0.00027184910140931606,-0.6153602004051208,-0.0003485067281872034,-0.15401801095867995
474207,Medieval Art,The Crucifixion,,unknown,11th c. CE,other,468,624,0.75,-0.0017483711708337069,0.02745547518134117,-0.5052483677864075,0.025167565792798996,-0.11359342449577525
466060,Medieval Art,Steelyard Weight with a Bust of a Byzantine Empress and a Hook,,unknown,4th c. CE,other,530,624,0.85,-0.00032678013667464256,0.023955801501870155,-0.630114734172821,0.023111801594495773,-0.14584347780328244
464256,Medieval Art,Top Panel of a Box,,unknown,14th c. CE,other,600,338,1.78,-0.013853260315954685,0.1293603479862213,-0.5721967220306396,0.11885930597782135,-0.08445758209563792
464352,Medieval Art,Chalice,,unknown,15th c. CE,other,424,624,0.68,-3.508465306367725e-05,0.00015428128244820982,-0.8225926756858826,5.41971530765295e-06,-0.2056170148352976
473485,Medieval Art,Gold Bracteate,,unknown,4th c. CE,other,581,625,0.93,-0.0014546180609613657,0.028484564274549484,-0.4261462390422821,0.025616031140089035,-0.09337506542215124
503046,Musical Instruments,Grand Pianoforte,Érard,unknown,19th c. CE,other,600,450,1.33,-0.0008039316162467003,0.037579406052827835,-0.32659128308296204,0.03645220771431923,-0.06334090023301542
501478,Musical Instruments,‘Gaillard’ Musette,,unknown,unknown,other,497,625,0.8,-0.00025679374812170863,0.0027136930730193853,-0.5248737931251526,0.0022532008588314056,-0.13004092323535588
501475,Musical Instruments,‘Gaillard’ Musette,P. Gaillard,unknown,unknown,other,599,302,1.98,-0.0010856037260964513,0.002924384316429496,-0.8127238154411316,-0.00044981902465224266,-0.2028337134688627
503455,Musical Instruments,‘Gaillard’ Musette,P. Gaillard,unknown,unknown,other,599,388,1.54,-0.0004597458173520863,0.005056967958807945,-0.5911030173301697,0.003140288172289729,-0.14584137675410602
624385,Musical Instruments,Viola,Jacob Stainer,male,17th c. CE,other,468,624,0.75,-0.0019155062036588788,0.03356995806097984,-0.20413966476917267,0.024679670110344887,-0.036951385700376704
501476,Musical Instruments,‘Gaillard’ Musette,P. Gaillard,unknown,19th c. CE,other,497,625,0.8,-0.0004510068683885038,0.00586591474711895,-0.8299112319946289,0.005233983509242535,-0.20481558515166398
501054,Musical Instruments,Kaval,,unknown,19th c. CE,other,439,625,0.7,-0.00016110774595290422,0.00020996906096115708,-0.2738191783428192,-5.128653720021248e-05,-0.0684554008912528
503651,Musical Instruments,Pipa (琵琶 ),,unknown,16th c. CE,other,468,624,0.75,-0.000313636934151873,0.0006593749858438969,-0.8587099313735962,-0.00031324196606874466,-0.21466935882199323
505742,Musical Instruments,Harp Guitar,Joseph Laurent Mast,male,19th c. CE,other,468,625,0.75,-0.002389251720160246,0.004964739549905062,-0.4353782534599304,-0.003036338835954666,-0.10895977611653507
