objectID,title,artistDisplayName,inferred_gender,century,medium_category,img_width,img_height,aspect_ratio,score_set_1_masterpiece,score_set_2_quality,score_set_3_influence,mean_value_score
436102,Virgin and Child with Four Angels,Gerard David,female,16th c. CE,painting,389,625,0.62,-0.001904528122395277,0.04839509469456971,-0.0038858664920553565,0.014201566693373024
268303,Album di disegni fotogenici,William Henry Fox Talbot,female,19th c. CE,print,491,625,0.79,-0.008607554598711431,0.012334569124504924,-0.10322102811187506,-0.03316467119536052
436432,Queen Charlotte,Thomas Gainsborough,female,18th c. CE,painting,464,625,0.74,-0.0007922083605080843,-0.019465762190520763,-0.001976165804080665,-0.007411378785036504
269434,Thomas Carlyle,Julia Margaret Cameron,female,19th c. CE,print,503,624,0.81,-3.694501629070146e-05,-4.0228376747108996e-05,-0.00036561733031703625,-0.0001475969077849489
435702,The Horse Fair,Rosa Bonheur,female,19th c. CE,painting,599,306,1.96,-0.0014019720256328583,0.007706628413870931,0.0009804550791159272,0.002428370489118
436101,The Rest on the Flight into Egypt,Gerard David,female,16th c. CE,painting,480,624,0.77,-0.004095784854143858,0.04653220344334841,-0.0005982720758765936,0.013946048837775985
436099,The Nativity with Donors and Saints Jerome and Leonard,Gerard David,female,16th c. CE,painting,600,369,1.63,-0.008421438047662377,0.09435441624373198,-0.030613288283348083,0.018439896637573838
268706,"Henry Taylor. Author of ""Philip Van Artevelde""",Julia Margaret Cameron,female,19th c. CE,print,522,624,0.84,-0.000587512127822265,0.0010214657086180523,-0.00128804927226156,-0.0002846985638219242
459061,"Christ Carrying the Cross, with the Crucifixion; The Resurrection, with the Pilgrims of Emmaus",Gerard David,female,16th c. CE,painting,430,624,0.69,-0.015373973175883293,0.10887371934950352,0.005399396643042564,0.032966380938887596
459062,Archangel Gabriel; The Virgin Annunciate,Gerard David,female,16th c. CE,painting,430,624,0.69,-0.005182751454412937,0.03904707636684179,-0.018175175180658698,0.0052297165772567196
436098,The Crucifixion,Gerard David,female,15th c. CE,painting,476,624,0.76,-0.008689453825354576,0.10344443190842867,-0.002044648863375187,0.030903443073232967
824771,Marie Antoinette in a Park,Elisabeth Louise Vigée Le Brun,female,18th c. CE,drawing_paper,432,624,0.69,-0.0007700567948631942,-0.002330737537704408,-0.013826538226567209,-0.00564244418637827
436453,Esther before Ahasuerus,Artemisia Gentileschi,female,17th c. CE,painting,600,459,1.31,-0.015944363549351692,0.27556914184242487,0.0010959198698401451,0.08690689938763778
711370,"Patio de los Arrayanes, Alhambra, Granada, Spain",Alphonse Delaunay,female,19th c. CE,print,599,463,1.29,-0.0006660340732196346,0.013193563849199563,-0.008377882091735955,0.0013832158947479911
437898,"Madame Grand (Noël Catherine Vorlée, 1761–1835)",Elisabeth Louise Vigée Le Brun,female,18th c. CE,painting,495,624,0.79,-0.0010422514751553535,0.009565452113747597,-0.007743406808003783,0.00025993127686281997
436100,The Nativity,Gerard David,female,15th c. CE,painting,481,624,0.77,-0.010743348393589258,0.05044873245060444,-0.04862675513140857,-0.0029737903581311307
282044,Sappho,Julia Margaret Cameron,female,19th c. CE,print,451,625,0.72,-0.00016561883967369795,0.0033707081456668675,-0.0010753324022516608,0.0007099189679138362
437900,"Comtesse de la Châtre (Marie Charlotte Louise Perrette Aglaé Bontemps, 1762–1848)",Elisabeth Louise Vigée Le Brun,female,18th c. CE,painting,488,624,0.78,0.0004612719640135765,-0.011342017911374569,-0.0021905601024627686,-0.004357102016607921
286007,"""The Prettiest Doll in the World""",Lewis Carroll,female,19th c. CE,print,470,624,0.75,-0.0004045540699735284,0.0008083046595857013,-0.000886336449184455,-0.0001608619531907607
268710,Herr Joachim,Julia Margaret Cameron,female,19th c. CE,print,447,625,0.72,-2.274379221489653e-05,0.0010043932998087257,-0.0005329702398739755,0.00014955975590661788
436097,Christ Taking Leave of His Mother,Gerard David,female,15th c. CE,painting,503,624,0.81,-0.017455320805311203,0.358414001762867,-0.05588987097144127,0.09502293666203816
383358,"The Washington Family: George Washington, His Lady, and her Two Grandchildren by the Name of Custis–George Washington, Son Epouse, et Ses Deux petits Enfants du Nom de Custis",Edward Savage,female,18th c. CE,print,599,482,1.24,-0.010099451756104827,0.002762243850156665,-0.008803232572972775,-0.005380146826306979
436840,"Self-Portrait with Two Pupils, Marie Gabrielle Capet (1761–1818) and Marie Marguerite Carraux de Rosemond (1765–1788)",Adélaïde Labille-Guiard,female,18th c. CE,painting,462,624,0.74,-0.002398301148787141,0.010067260824143887,-5.87262911722064e-05,0.0025367444613948464
10810,Arcadia,Thomas Eakins,female,19th c. CE,painting,599,510,1.17,-0.0010831933468580246,0.016746907494962215,0.004905215406324714,0.0068563098514763015
459253,Holy Face,Gerard David,female,15th c. CE,painting,376,624,0.6,-0.010574817657470703,0.011456072330474854,-0.041822850704193115,-0.013647198677062988
439327,Christ Blessing,Gerard David,female,16th c. CE,painting,450,624,0.72,-0.0023607444018125534,0.012244772166013718,-0.012969810049980879,-0.0010285940952599049
436096,The Annunciation,Gerard David,female,16th c. CE,painting,599,363,1.65,-0.0082174320705235,0.19141056574881077,-0.0024922131560742855,0.06023364017407099
436440,Cottage Children (The Wood Gatherers),Thomas Gainsborough,female,18th c. CE,painting,510,624,0.82,-0.002141423989087343,0.006283761467784643,-0.0016660155379213393,0.0008254406469253203
436657,"Benedikt von Hertenstein (born about 1495, died 1522)",Hans Holbein the Younger,male,16th c. CE,painting,455,624,0.73,-0.0003749372554011643,0.0020061274990439415,-0.0035157266829628497,-0.0006281788131066909
437396,Hendrickje Stoffels (1626–1663),Rembrandt (Rembrandt van Rijn),male,17th c. CE,painting,551,624,0.88,-0.0013953447341918945,0.0037691686302423477,-0.0009415095555596054,0.00047743811349694926
438817,The Dance Class,Edgar Degas,male,19th c. CE,painting,579,624,0.93,-0.0009270483860746026,0.011954901739954948,-0.0005027193110436201,0.0035083780142789087
435882,Still Life with Apples and a Pot of Primroses,Paul Cézanne,male,19th c. CE,painting,600,476,1.26,-0.0013744018506258726,-0.008047208189964294,-0.001909350510686636,-0.003776986850425601
334013,"Humility versus Pride; a young man imploring an older man with other figures in front of them; folio 75 (recto) from the Madrid Album ""B""",Goya (Francisco de Goya y Lucientes),male,18th c. CE,other,393,625,0.63,-0.007747262250632048,0.009310911875218153,0.01414431817829609,0.0052359892676273985
436244,Virgin and Child with Saint Anne,Albrecht Dürer,male,16th c. CE,painting,524,625,0.84,-0.000915764831006527,0.08230160363018513,-0.002192731248214841,0.02639770251698792
437330,Saints Peter and John Healing the Lame Man,Nicolas Poussin,male,17th c. CE,painting,599,453,1.32,-0.0038063424290157855,0.018121082335710526,0.0006877591367810965,0.0050008330144919455
436120,The Old Italian Woman,Edgar Degas,male,19th c. CE,painting,509,625,0.81,-0.0003760523395612836,-0.016237141331657767,-0.006563453760463744,-0.007725549143894265
435744,Virgin and Child with the Young Saint John the Baptist and Angels,François Boucher,male,18th c. CE,painting,526,624,0.84,-0.001579721923917532,0.007342181168496609,-0.004704121849499643,0.0003527791316931446
437984,"La Berceuse (Woman Rocking a Cradle; Augustine-Alix Pellicot Roulin, 1851–1930)",Vincent van Gogh,male,19th c. CE,painting,496,624,0.79,-0.0012116753496229649,0.007297489792108536,-0.010756554605904967,-0.0015569133878064652
360413,"Plate 7 from ""Los Caprichos"": Even thus he cannot make her out (Ni asi la distingue)",Goya (Francisco de Goya y Lucientes),male,18th c. CE,print,459,624,0.74,-0.0050380154279991984,0.013306478329468518,-0.017543694470077753,-0.003091743856202811
436106,"Antoine Laurent Lavoisier (1743–1794) and Marie Anne Lavoisier (Marie Anne Pierrette Paulze, 1758–1836)",Jacques Louis David,male,18th c. CE,painting,474,624,0.76,-0.003914612345397472,-0.008025527000427246,0.005668459460139275,-0.002090559961895148
436039,The Martyrdom of Saint Barbara,Lucas Cranach the Elder,male,16th c. CE,painting,562,624,0.9,-0.008251373656094074,0.15130444522947073,0.0011007077991962433,0.048051259790857635
436965,The Monet Family in Their Garden at Argenteuil,Edouard Manet,male,19th c. CE,painting,599,377,1.59,0.00037254299968481064,0.005479132756590843,0.0013495918246917427,0.002400422526989132
437819,Doge Alvise Mocenigo (1507–1577) Presented to the Redeemer,Jacopo Tintoretto (Jacopo Robusti),male,16th c. CE,painting,599,295,2.03,-0.004148382227867842,0.004554590210318565,-0.0003970954567193985,3.037508577108383e-06
435844,The Musicians,Caravaggio (Michelangelo Merisi),male,16th c. CE,painting,599,465,1.29,-0.004478291608393192,0.18132705381140113,-0.0014566846657544374,0.058464025845751166
436038,Judith with the Head of Holofernes,Lucas Cranach the Elder,male,16th c. CE,painting,436,624,0.7,-0.0019441678887233138,0.011721189133822918,-0.0499121606699191,-0.013378379808273166
436142,Fan Mount: Dancers,Edgar Degas,male,19th c. CE,drawing_paper,598,313,1.91,-0.004740965203382075,0.008565939962863922,-0.02581409295089543,-0.007329706063804527
436243,Salvator Mundi,Albrecht Dürer,male,16th c. CE,painting,508,625,0.81,-0.005160371772944927,-0.052666112780570984,-0.0039003673009574413,-0.02057561728482445
436004,The Woman in the Waves,Gustave Courbet,male,19th c. CE,painting,516,625,0.83,0.0019317567348480225,0.007704542018473148,0.003476515004877001,0.004370937919399391
436449,The Siesta,Paul Gauguin,male,19th c. CE,painting,599,459,1.31,-8.113821968436241e-05,0.00761568546295166,0.003247805085266009,0.0035941174428444356
437875,Portrait of a Man,Velázquez,male,17th c. CE,painting,511,625,0.82,-0.0003317503724247217,-0.009566210675984621,-0.0006940236198715866,-0.003530661556093643
436658,Hermann von Wedigh III (died 1560),Hans Holbein the Younger,male,16th c. CE,painting,480,625,0.77,-0.0005590106884483248,-0.002561379224061966,-0.002503921976312995,-0.001874770629607762
436001,"Jo, La Belle Irlandaise",Gustave Courbet,male,19th c. CE,painting,600,509,1.18,-0.00029315240681171417,0.009047863073647022,-0.016527867293916643,-0.0025910522090271115
436037,The Judgment of Paris,Lucas Cranach the Elder,male,16th c. CE,painting,446,625,0.71,-0.012212160974740982,0.3198022320866585,-0.0004791188985109329,0.10237031740446885
436180,The Natchez,Eugène Delacroix,male,19th c. CE,painting,600,467,1.28,-0.006296718027442694,0.01723757851868868,0.002895088109653443,0.004611982866966476
436533,Shoes,Vincent van Gogh,male,19th c. CE,painting,599,501,1.2,-0.0004913853481411934,-9.269639849662781e-05,-0.0013171150349080563,-0.0006337322605152925
206989,Commode à vantaux,David Roentgen,male,18th c. CE,sculpture,600,480,1.25,-0.001812265909393318,0.025106824148679152,-0.8864710871421266,-0.2877255096342803
372898,Draped Figure Reclining,James McNeill Whistler,male,19th c. CE,print,599,418,1.43,0.004064508713781834,0.0092110795667395,0.007478864281438291,0.006918150853986542
436155,The Rehearsal of the Ballet Onstage,Edgar Degas,male,19th c. CE,painting,599,447,1.34,-0.0022751111537218094,0.0064284829422831535,-0.000372139154933393,0.0012604108778759837
437531,"Portrait of a Woman, Probably Susanna Lunden (Susanna Fourment, 1599–1628)",Peter Paul Rubens,male,17th c. CE,painting,489,624,0.78,-0.0007212928030639887,-0.03225906565785408,-0.0008008552249521017,-0.011260404561956724
437315,Fan Mount: The Cabbage Gatherers,Camille Pissarro,male,19th c. CE,other,598,303,1.97,-0.0012405591551214457,-0.016681113746017218,0.0013082032091915607,-0.0055378232306490345
435868,The Card Players,Paul Cézanne,male,19th c. CE,painting,599,477,1.26,-0.0015864268643781543,0.0004009935073554516,-0.0004837336018681526,-0.0005563889862969518
459080,Erasmus of Rotterdam,Hans Holbein the Younger,male,16th c. CE,painting,482,624,0.77,-0.0022531552240252495,-9.70344990491867e-05,-0.004099285986740142,-0.0021498252366048596
436143,Fan Mount: The Ballet,Edgar Degas,male,19th c. CE,drawing_paper,599,320,1.87,-0.021089805755764246,0.03029439621604979,-0.008056685561314225,0.0003826349663237731
337075,Lucretia,Raphael (Raffaello Sanzio or Santi),male,16th c. CE,drawing_paper,456,624,0.73,-0.012151675298810005,0.042186112026683986,-0.010844609700143337,0.006396609009243548
267019,"American Barque ""Jane Tudor,"" Conway Bay",David Johnson,male,19th c. CE,print,600,497,1.21,-0.0007822226616553962,0.0006003929884172976,-0.0092515806099982,-0.0031444700944120996
437394,Aristotle with a Bust of Homer,Rembrandt (Rembrandt van Rijn),male,17th c. CE,painting,592,624,0.95,-0.0006799967959523201,0.04252986144274473,0.0017556882958160713,0.014535184314202828
397771,"Funereal Folly, from ""The Disparates"" (Follies / Irrationalities)",Goya (Francisco de Goya y Lucientes),male,19th c. CE,print,599,416,1.44,-0.0025105545937549323,0.0025479505420662463,-0.0003955136053264141,-0.0001193725523383667
334025,"A partly naked woman seated by a stream; page 32 from the ""Images of Spain"" Album (F)",Goya (Francisco de Goya y Lucientes),male,19th c. CE,drawing_paper,438,624,0.7,-0.002064105705358088,-0.0014833551831543446,-0.000632511917501688,-0.0013933242686713736
436554,Bullfight in a Divided Ring,Goya (Francisco de Goya y Lucientes),male,19th c. CE,painting,600,474,1.27,-0.009525490459054708,0.03252417407929897,-0.0011128834448754787,0.007295266725122929
435922,Salisbury Cathedral from the Bishop's Grounds,John Constable,male,19th c. CE,painting,599,472,1.27,-0.00225436023902148,0.04764917306602001,-3.2081035897135735e-05,0.015120910597033799
436529,"L'Arlésienne: Madame Joseph-Michel Ginoux (Marie Julien, 1848–1911)",Vincent van Gogh,male,19th c. CE,painting,496,624,0.79,2.3996166419237852e-05,-0.01552352448925376,-0.003361312614288181,-0.006286946979040901
438820,Young Ladies of the Village,Gustave Courbet,male,19th c. CE,painting,600,448,1.34,-0.009700429160147905,0.033883088268339634,0.0023852365848142654,0.008855965231001997
436105,The Death of Socrates,Jacques Louis David,male,18th c. CE,painting,599,399,1.5,-0.010300388559699059,0.047093601897358894,0.0035470040747895837,0.01344673913748314
459078,Nymph of the Spring,Lucas Cranach the Younger,male,16th c. CE,painting,600,453,1.32,0.0156580600887537,0.13280062470585108,0.003103833645582199,0.05052083948006233
437654,Circus Sideshow (Parade de cirque),Georges Seurat,male,19th c. CE,painting,600,401,1.5,-0.019582556560635567,0.21631647646427155,-0.0006944406777620316,0.06534649307529132
436176,Christ Asleep during the Tempest,Eugène Delacroix,male,19th c. CE,painting,600,494,1.21,-0.005528781679458916,0.0007391571998596191,-0.0012603290379047394,-0.0020166511725013456
388376,Embroidery Pattern with Seven Six-pointed Stars and Four Corner Pieces,Albrecht Dürer,male,16th c. CE,print,491,625,0.79,-0.00493921188171953,0.0023297483567148447,-0.8773088892921805,-0.2933061176057284
437827,Venus and the Lute Player,Titian,male,16th c. CE,painting,600,486,1.23,-0.030537139624357224,0.48483332386240363,0.010162240301724523,0.1548194748465903
436947,Boating,Edouard Manet,male,19th c. CE,painting,599,457,1.31,-0.0074711572378873825,0.17263846099376678,0.002360248239710927,0.05584251733186344
436543,Josefa de Castilla Portugal y van Asbrock de Garcini (1775–about 1850),Goya (Francisco de Goya y Lucientes),male,19th c. CE,painting,505,625,0.81,-0.0010108244605362415,-0.00723082572221756,0.0003678309731185436,-0.0026246064032117524
436135,Dancer with a Fan,Edgar Degas,male,19th c. CE,other,445,625,0.71,-0.0028530204435810447,-0.001014599110931158,-0.00896470807492733,-0.004277442543146511
436325,The Stolen Kiss,Jean Honoré Fragonard,male,18th c. CE,painting,599,456,1.31,-0.005579984514042735,0.03628781670704484,-0.00206817255821079,0.009546553211597105
372704,Draped Figure Reclining,James McNeill Whistler,male,19th c. CE,print,599,391,1.53,0.005381025839596987,0.005073417443782091,0.005938736721873283,0.005464393335084121
438821,Ia Orana Maria (Hail Mary),Paul Gauguin,male,19th c. CE,painting,491,624,0.79,-0.0007363588083535433,0.002907323185354471,0.001107639807742089,0.0010928680615810056
624946,"Bust of St. Paul, from the Wittenberg Reliquaries",Lucas Cranach the Elder,male,15th c. CE,print,439,625,0.7,-0.004048219125252217,0.007867035921663046,-0.15667590568773448,-0.050952362963774554
334030,"A radiant female figure beset by dark spirits; page 45 from the ""Images of Spain"" Album (F)",Goya (Francisco de Goya y Lucientes),male,19th c. CE,drawing_paper,438,624,0.7,-0.0020882609533146024,0.006693227915093303,0.003229773137718439,0.0026115800331657133
437326,Blind Orion Searching for the Rising Sun,Nicolas Poussin,male,17th c. CE,painting,600,392,1.53,-0.004273925558663905,0.005318245850503445,0.0004230548511259258,0.0004891250476551553
436535,Wheat Field with Cypresses,Vincent van Gogh,male,19th c. CE,painting,599,477,1.26,-0.0050972094759345055,0.005409885197877884,-0.0016562608652748168,-0.0004478617144438128
436542,"Ignacio Garcini y Queralt (1752–1825), Brigadier of Engineers",Goya (Francisco de Goya y Lucientes),male,19th c. CE,painting,505,625,0.81,0.0001303704921156168,-0.02962568635120988,0.0010510506108403206,-0.009481421749417981
437873,"Philip IV (1605–1665), King of Spain",Velázquez (Diego Rodríguez de Silva y Velázquez),male,17th c. CE,painting,322,624,0.52,-0.0008700108155608177,0.0050133755430579185,-0.0012980066239833832,0.0009484527011712393
442488,The Agony in the Garden,Nicolas Poussin,male,17th c. CE,painting,492,624,0.79,-0.002085829619318247,0.015561180654913187,0.00018980540335178375,0.004555052146315575
348595,Eight Bells,Winslow Homer,male,19th c. CE,print,600,473,1.27,0.002914988435804844,-0.045825588051229715,0.01212703378405422,-0.010261188610456884
436545,Manuel Osorio Manrique de Zuñiga (1784–1792),Goya (Francisco de Goya y Lucientes),male,18th c. CE,painting,460,624,0.74,-0.0005246163345873356,0.013165927957743406,-0.005318181123584509,0.0024410434998571873
437926,Mezzetin,Antoine Watteau,male,18th c. CE,painting,491,624,0.79,0.0018773535266518593,0.0018390128389000893,0.001740831881761551,0.001819066082437833
437398,Flora,Rembrandt (Rembrandt van Rijn),male,17th c. CE,painting,574,625,0.92,-0.0014034686610102654,-0.0037789028137922287,-0.009898305521346629,-0.005026892332049708
439081,Saint Maurice,Lucas Cranach the Elder and Workshop,male,16th c. CE,painting,178,622,0.29,-0.0020300745964050293,0.07115873694419861,-0.009926818311214447,0.019733948012193043
